city_town,election_date,office,candidate,precinct,votes,max_votes,total_ballots,write_ins,blank_votes,total_votes
Watertown,2025-11-04,CITY COUNCIL PRESIDENT,Mark S. Sideris,1,199,1,255,6,50,249
Watertown,2025-11-04,CITY COUNCIL PRESIDENT,Mark S. Sideris,10,250,1,318,3,65,315
Watertown,2025-11-04,CITY COUNCIL PRESIDENT,Mark S. Sideris,11,410,1,498,16,72,482
Watertown,2025-11-04,CITY COUNCIL PRESIDENT,Mark S. Sideris,12,307,1,355,3,45,352
Watertown,2025-11-04,CITY COUNCIL PRESIDENT,Mark S. Sideris,2,329,1,401,5,67,396
Watertown,2025-11-04,CITY COUNCIL PRESIDENT,Mark S. Sideris,3,365,1,450,4,81,446
Watertown,2025-11-04,CITY COUNCIL PRESIDENT,Mark S. Sideris,4,524,1,622,4,94,618
Watertown,2025-11-04,CITY COUNCIL PRESIDENT,Mark S. Sideris,5,275,1,346,4,67,342
Watertown,2025-11-04,CITY COUNCIL PRESIDENT,Mark S. Sideris,6,298,1,343,7,38,336
Watertown,2025-11-04,CITY COUNCIL PRESIDENT,Mark S. Sideris,7,447,1,549,11,91,538
Watertown,2025-11-04,CITY COUNCIL PRESIDENT,Mark S. Sideris,8,493,1,602,10,99,592
Watertown,2025-11-04,CITY COUNCIL PRESIDENT,Mark S. Sideris,9,281,1,346,5,60,341
Watertown,2025-11-04,COUNCILOR-AT-LARGE,Anthony Palomba,1,162,4,255,0,288,1020
Watertown,2025-11-04,COUNCILOR-AT-LARGE,John G. Gannon,1,156,4,255,0,288,1020
Watertown,2025-11-04,COUNCILOR-AT-LARGE,Theophilus Offei,1,161,4,255,0,288,1020
Watertown,2025-11-04,COUNCILOR-AT-LARGE,Thomas J. Tracy,1,99,4,255,0,288,1020
Watertown,2025-11-04,COUNCILOR-AT-LARGE,Caroline J. Bays,1,154,4,255,0,288,1020
Watertown,2025-11-04,COUNCILOR-AT-LARGE,Anthony Palomba,10,176,4,318,3,384,1269
Watertown,2025-11-04,COUNCILOR-AT-LARGE,John G. Gannon,10,218,4,318,3,384,1269
Watertown,2025-11-04,COUNCILOR-AT-LARGE,Theophilus Offei,10,173,4,318,3,384,1269
Watertown,2025-11-04,COUNCILOR-AT-LARGE,Thomas J. Tracy,10,163,4,318,3,384,1269
Watertown,2025-11-04,COUNCILOR-AT-LARGE,Caroline J. Bays,10,155,4,318,3,384,1269
Watertown,2025-11-04,COUNCILOR-AT-LARGE,Anthony Palomba,11,294,4,498,4,572,1988
Watertown,2025-11-04,COUNCILOR-AT-LARGE,John G. Gannon,11,343,4,498,4,572,1988
Watertown,2025-11-04,COUNCILOR-AT-LARGE,Theophilus Offei,11,240,4,498,4,572,1988
Watertown,2025-11-04,COUNCILOR-AT-LARGE,Thomas J. Tracy,11,274,4,498,4,572,1988
Watertown,2025-11-04,COUNCILOR-AT-LARGE,Caroline J. Bays,11,265,4,498,4,572,1988
Watertown,2025-11-04,COUNCILOR-AT-LARGE,Anthony Palomba,12,229,4,355,0,371,1420
Watertown,2025-11-04,COUNCILOR-AT-LARGE,John G. Gannon,12,260,4,355,0,371,1420
Watertown,2025-11-04,COUNCILOR-AT-LARGE,Theophilus Offei,12,169,4,355,0,371,1420
Watertown,2025-11-04,COUNCILOR-AT-LARGE,Thomas J. Tracy,12,196,4,355,0,371,1420
Watertown,2025-11-04,COUNCILOR-AT-LARGE,Caroline J. Bays,12,195,4,355,0,371,1420
Watertown,2025-11-04,COUNCILOR-AT-LARGE,Anthony Palomba,2,293,4,401,4,394,1600
Watertown,2025-11-04,COUNCILOR-AT-LARGE,John G. Gannon,2,245,4,401,4,394,1600
Watertown,2025-11-04,COUNCILOR-AT-LARGE,Theophilus Offei,2,275,4,401,4,394,1600
Watertown,2025-11-04,COUNCILOR-AT-LARGE,Thomas J. Tracy,2,137,4,401,4,394,1600
Watertown,2025-11-04,COUNCILOR-AT-LARGE,Caroline J. Bays,2,256,4,401,4,394,1600
Watertown,2025-11-04,COUNCILOR-AT-LARGE,Anthony Palomba,3,321,4,450,2,412,1798
Watertown,2025-11-04,COUNCILOR-AT-LARGE,John G. Gannon,3,294,4,450,2,412,1798
Watertown,2025-11-04,COUNCILOR-AT-LARGE,Theophilus Offei,3,316,4,450,2,412,1798
Watertown,2025-11-04,COUNCILOR-AT-LARGE,Thomas J. Tracy,3,145,4,450,2,412,1798
Watertown,2025-11-04,COUNCILOR-AT-LARGE,Caroline J. Bays,3,310,4,450,2,412,1798
Watertown,2025-11-04,COUNCILOR-AT-LARGE,Anthony Palomba,4,433,4,622,2,581,2486
Watertown,2025-11-04,COUNCILOR-AT-LARGE,John G. Gannon,4,409,4,622,2,581,2486
Watertown,2025-11-04,COUNCILOR-AT-LARGE,Theophilus Offei,4,386,4,622,2,581,2486
Watertown,2025-11-04,COUNCILOR-AT-LARGE,Thomas J. Tracy,4,268,4,622,2,581,2486
Watertown,2025-11-04,COUNCILOR-AT-LARGE,Caroline J. Bays,4,409,4,622,2,581,2486
Watertown,2025-11-04,COUNCILOR-AT-LARGE,Anthony Palomba,5,224,4,346,4,346,1380
Watertown,2025-11-04,COUNCILOR-AT-LARGE,John G. Gannon,5,231,4,346,4,346,1380
Watertown,2025-11-04,COUNCILOR-AT-LARGE,Theophilus Offei,5,239,4,346,4,346,1380
Watertown,2025-11-04,COUNCILOR-AT-LARGE,Thomas J. Tracy,5,134,4,346,4,346,1380
Watertown,2025-11-04,COUNCILOR-AT-LARGE,Caroline J. Bays,5,206,4,346,4,346,1380
Watertown,2025-11-04,COUNCILOR-AT-LARGE,Anthony Palomba,6,250,4,343,4,319,1368
Watertown,2025-11-04,COUNCILOR-AT-LARGE,John G. Gannon,6,246,4,343,4,319,1368
Watertown,2025-11-04,COUNCILOR-AT-LARGE,Theophilus Offei,6,201,4,343,4,319,1368
Watertown,2025-11-04,COUNCILOR-AT-LARGE,Thomas J. Tracy,6,140,4,343,4,319,1368
Watertown,2025-11-04,COUNCILOR-AT-LARGE,Caroline J. Bays,6,212,4,343,4,319,1368
Watertown,2025-11-04,COUNCILOR-AT-LARGE,Anthony Palomba,7,356,4,549,2,611,2194
Watertown,2025-11-04,COUNCILOR-AT-LARGE,John G. Gannon,7,353,4,549,2,611,2194
Watertown,2025-11-04,COUNCILOR-AT-LARGE,Theophilus Offei,7,304,4,549,2,611,2194
Watertown,2025-11-04,COUNCILOR-AT-LARGE,Thomas J. Tracy,7,248,4,549,2,611,2194
Watertown,2025-11-04,COUNCILOR-AT-LARGE,Caroline J. Bays,7,322,4,549,2,611,2194
Watertown,2025-11-04,COUNCILOR-AT-LARGE,Anthony Palomba,8,421,4,602,2,606,2406
Watertown,2025-11-04,COUNCILOR-AT-LARGE,John G. Gannon,8,424,4,602,2,606,2406
Watertown,2025-11-04,COUNCILOR-AT-LARGE,Theophilus Offei,8,319,4,602,2,606,2406
Watertown,2025-11-04,COUNCILOR-AT-LARGE,Thomas J. Tracy,8,278,4,602,2,606,2406
Watertown,2025-11-04,COUNCILOR-AT-LARGE,Caroline J. Bays,8,358,4,602,2,606,2406
Watertown,2025-11-04,COUNCILOR-AT-LARGE,Anthony Palomba,9,230,4,346,2,359,1382
Watertown,2025-11-04,COUNCILOR-AT-LARGE,John G. Gannon,9,239,4,346,2,359,1382
Watertown,2025-11-04,COUNCILOR-AT-LARGE,Theophilus Offei,9,216,4,346,2,359,1382
Watertown,2025-11-04,COUNCILOR-AT-LARGE,Thomas J. Tracy,9,150,4,346,2,359,1382
Watertown,2025-11-04,COUNCILOR-AT-LARGE,Caroline J. Bays,9,188,4,346,2,359,1382
Watertown,2025-11-04,DISTRICT A COUNCILOR,Nicole N. Gardner,1,208,1,255,3,44,252
Watertown,2025-11-04,DISTRICT A COUNCILOR,Nicole N. Gardner,2,346,1,401,4,51,397
Watertown,2025-11-04,DISTRICT A COUNCILOR,Nicole N. Gardner,3,380,1,450,2,68,448
Watertown,2025-11-04,DISTRICT B COUNCILOR,Lisa J. Feltner,4,462,1,622,9,151,613
Watertown,2025-11-04,DISTRICT B COUNCILOR,Lisa J. Feltner,5,264,1,346,12,70,334
Watertown,2025-11-04,DISTRICT B COUNCILOR,Lisa J. Feltner,6,286,1,343,3,54,340
Watertown,2025-11-04,DISTRICT C COUNCILOR,Vincent J. Piccirilli Jr,7,412,1,549,4,54,545
Watertown,2025-11-04,DISTRICT C COUNCILOR,Andres E. Guzman,7,79,1,549,4,54,545
Watertown,2025-11-04,DISTRICT C COUNCILOR,Vincent J. Piccirilli Jr,8,416,1,602,1,62,601
Watertown,2025-11-04,DISTRICT C COUNCILOR,Andres E. Guzman,8,123,1,602,1,62,601
Watertown,2025-11-04,DISTRICT C COUNCILOR,Vincent J. Piccirilli Jr,9,214,1,346,1,26,345
Watertown,2025-11-04,DISTRICT C COUNCILOR,Andres E. Guzman,9,105,1,346,1,26,345
Watertown,2025-11-04,DISTRICT D COUNCILOR,Emily C. Izzo,10,257,1,318,4,57,314
Watertown,2025-11-04,DISTRICT D COUNCILOR,Emily C. Izzo,11,398,1,498,8,92,490
Watertown,2025-11-04,DISTRICT D COUNCILOR,Emily C. Izzo,12,279,1,355,2,74,353
Watertown,2025-11-04,LIBRARY TRUSTEES,Pia L. Owens,1,169,3,255,0,230,765
Watertown,2025-11-04,LIBRARY TRUSTEES,Xin Peng,1,139,3,255,0,230,765
Watertown,2025-11-04,LIBRARY TRUSTEES,Leanne Hammonds,1,158,3,255,0,230,765
Watertown,2025-11-04,LIBRARY TRUSTEES,Fowler M.S. Brown Jr,1,69,3,255,0,230,765
Watertown,2025-11-04,LIBRARY TRUSTEES,Pia L. Owens,10,169,3,318,2,316,952
Watertown,2025-11-04,LIBRARY TRUSTEES,Xin Peng,10,171,3,318,2,316,952
Watertown,2025-11-04,LIBRARY TRUSTEES,Leanne Hammonds,10,210,3,318,2,316,952
Watertown,2025-11-04,LIBRARY TRUSTEES,Fowler M.S. Brown Jr,10,86,3,318,2,316,952
Watertown,2025-11-04,LIBRARY TRUSTEES,Pia L. Owens,11,267,3,498,4,474,1490
Watertown,2025-11-04,LIBRARY TRUSTEES,Xin Peng,11,255,3,498,4,474,1490
Watertown,2025-11-04,LIBRARY TRUSTEES,Leanne Hammonds,11,349,3,498,4,474,1490
Watertown,2025-11-04,LIBRARY TRUSTEES,Fowler M.S. Brown Jr,11,145,3,498,4,474,1490
Watertown,2025-11-04,LIBRARY TRUSTEES,Pia L. Owens,12,193,3,355,2,338,1063
Watertown,2025-11-04,LIBRARY TRUSTEES,Xin Peng,12,187,3,355,2,338,1063
Watertown,2025-11-04,LIBRARY TRUSTEES,Leanne Hammonds,12,246,3,355,2,338,1063
Watertown,2025-11-04,LIBRARY TRUSTEES,Fowler M.S. Brown Jr,12,99,3,355,2,338,1063
Watertown,2025-11-04,LIBRARY TRUSTEES,Pia L. Owens,2,266,3,401,3,304,1200
Watertown,2025-11-04,LIBRARY TRUSTEES,Xin Peng,2,234,3,401,3,304,1200
Watertown,2025-11-04,LIBRARY TRUSTEES,Leanne Hammonds,2,284,3,401,3,304,1200
Watertown,2025-11-04,LIBRARY TRUSTEES,Fowler M.S. Brown Jr,2,112,3,401,3,304,1200
Watertown,2025-11-04,LIBRARY TRUSTEES,Pia L. Owens,3,322,3,450,6,334,1344
Watertown,2025-11-04,LIBRARY TRUSTEES,Xin Peng,3,290,3,450,6,334,1344
Watertown,2025-11-04,LIBRARY TRUSTEES,Leanne Hammonds,3,307,3,450,6,334,1344
Watertown,2025-11-04,LIBRARY TRUSTEES,Fowler M.S. Brown Jr,3,91,3,450,6,334,1344
Watertown,2025-11-04,LIBRARY TRUSTEES,Pia L. Owens,4,412,3,622,1,505,1865
Watertown,2025-11-04,LIBRARY TRUSTEES,Xin Peng,4,361,3,622,1,505,1865
Watertown,2025-11-04,LIBRARY TRUSTEES,Leanne Hammonds,4,445,3,622,1,505,1865
Watertown,2025-11-04,LIBRARY TRUSTEES,Fowler M.S. Brown Jr,4,142,3,622,1,505,1865
Watertown,2025-11-04,LIBRARY TRUSTEES,Pia L. Owens,5,212,3,346,3,292,1035
Watertown,2025-11-04,LIBRARY TRUSTEES,Xin Peng,5,192,3,346,3,292,1035
Watertown,2025-11-04,LIBRARY TRUSTEES,Leanne Hammonds,5,239,3,346,3,292,1035
Watertown,2025-11-04,LIBRARY TRUSTEES,Fowler M.S. Brown Jr,5,100,3,346,3,292,1035
Watertown,2025-11-04,LIBRARY TRUSTEES,Pia L. Owens,6,201,3,343,5,273,1024
Watertown,2025-11-04,LIBRARY TRUSTEES,Xin Peng,6,203,3,343,5,273,1024
Watertown,2025-11-04,LIBRARY TRUSTEES,Leanne Hammonds,6,256,3,343,5,273,1024
Watertown,2025-11-04,LIBRARY TRUSTEES,Fowler M.S. Brown Jr,6,91,3,343,5,273,1024
Watertown,2025-11-04,LIBRARY TRUSTEES,Pia L. Owens,7,321,3,549,10,546,1637
Watertown,2025-11-04,LIBRARY TRUSTEES,Xin Peng,7,285,3,549,10,546,1637
Watertown,2025-11-04,LIBRARY TRUSTEES,Leanne Hammonds,7,383,3,549,10,546,1637
Watertown,2025-11-04,LIBRARY TRUSTEES,Fowler M.S. Brown Jr,7,102,3,549,10,546,1637
Watertown,2025-11-04,LIBRARY TRUSTEES,Pia L. Owens,8,341,3,602,1,517,1805
Watertown,2025-11-04,LIBRARY TRUSTEES,Xin Peng,8,365,3,602,1,517,1805
Watertown,2025-11-04,LIBRARY TRUSTEES,Leanne Hammonds,8,429,3,602,1,517,1805
Watertown,2025-11-04,LIBRARY TRUSTEES,Fowler M.S. Brown Jr,8,153,3,602,1,517,1805
Watertown,2025-11-04,LIBRARY TRUSTEES,Pia L. Owens,9,231,3,346,2,255,1036
Watertown,2025-11-04,LIBRARY TRUSTEES,Xin Peng,9,212,3,346,2,255,1036
Watertown,2025-11-04,LIBRARY TRUSTEES,Leanne Hammonds,9,241,3,346,2,255,1036
Watertown,2025-11-04,LIBRARY TRUSTEES,Fowler M.S. Brown Jr,9,97,3,346,2,255,1036
Watertown,2025-11-04,SCHOOL COMMITTEE,Sheila Krishnan,1,165,3,255,0,181,765
Watertown,2025-11-04,SCHOOL COMMITTEE,David M. Stokes,1,73,3,255,0,181,765
Watertown,2025-11-04,SCHOOL COMMITTEE,Jessica D. Middlebrook,1,153,3,255,0,181,765
Watertown,2025-11-04,SCHOOL COMMITTEE,Amy B. Donohue,1,137,3,255,0,181,765
Watertown,2025-11-04,SCHOOL COMMITTEE,Joseph C. Ganno,1,56,3,255,0,181,765
Watertown,2025-11-04,SCHOOL COMMITTEE,Sheila Krishnan,10,146,3,318,1,230,953
Watertown,2025-11-04,SCHOOL COMMITTEE,David M. Stokes,10,99,3,318,1,230,953
Watertown,2025-11-04,SCHOOL COMMITTEE,Jessica D. Middlebrook,10,177,3,318,1,230,953
Watertown,2025-11-04,SCHOOL COMMITTEE,Amy B. Donohue,10,186,3,318,1,230,953
Watertown,2025-11-04,SCHOOL COMMITTEE,Joseph C. Ganno,10,115,3,318,1,230,953
Watertown,2025-11-04,SCHOOL COMMITTEE,Sheila Krishnan,11,236,3,498,1,345,1493
Watertown,2025-11-04,SCHOOL COMMITTEE,David M. Stokes,11,169,3,498,1,345,1493
Watertown,2025-11-04,SCHOOL COMMITTEE,Jessica D. Middlebrook,11,277,3,498,1,345,1493
Watertown,2025-11-04,SCHOOL COMMITTEE,Amy B. Donohue,11,295,3,498,1,345,1493
Watertown,2025-11-04,SCHOOL COMMITTEE,Joseph C. Ganno,11,171,3,498,1,345,1493
Watertown,2025-11-04,SCHOOL COMMITTEE,Sheila Krishnan,12,190,3,355,0,196,1065
Watertown,2025-11-04,SCHOOL COMMITTEE,David M. Stokes,12,99,3,355,0,196,1065
Watertown,2025-11-04,SCHOOL COMMITTEE,Jessica D. Middlebrook,12,219,3,355,0,196,1065
Watertown,2025-11-04,SCHOOL COMMITTEE,Amy B. Donohue,12,222,3,355,0,196,1065
Watertown,2025-11-04,SCHOOL COMMITTEE,Joseph C. Ganno,12,139,3,355,0,196,1065
Watertown,2025-11-04,SCHOOL COMMITTEE,Sheila Krishnan,2,263,3,401,2,210,1201
Watertown,2025-11-04,SCHOOL COMMITTEE,David M. Stokes,2,130,3,401,2,210,1201
Watertown,2025-11-04,SCHOOL COMMITTEE,Jessica D. Middlebrook,2,269,3,401,2,210,1201
Watertown,2025-11-04,SCHOOL COMMITTEE,Amy B. Donohue,2,231,3,401,2,210,1201
Watertown,2025-11-04,SCHOOL COMMITTEE,Joseph C. Ganno,2,98,3,401,2,210,1201
Watertown,2025-11-04,SCHOOL COMMITTEE,Sheila Krishnan,3,289,3,450,1,254,1349
Watertown,2025-11-04,SCHOOL COMMITTEE,David M. Stokes,3,131,3,450,1,254,1349
Watertown,2025-11-04,SCHOOL COMMITTEE,Jessica D. Middlebrook,3,309,3,450,1,254,1349
Watertown,2025-11-04,SCHOOL COMMITTEE,Amy B. Donohue,3,250,3,450,1,254,1349
Watertown,2025-11-04,SCHOOL COMMITTEE,Joseph C. Ganno,3,116,3,450,1,254,1349
Watertown,2025-11-04,SCHOOL COMMITTEE,Sheila Krishnan,4,361,3,622,1,343,1865
Watertown,2025-11-04,SCHOOL COMMITTEE,David M. Stokes,4,183,3,622,1,343,1865
Watertown,2025-11-04,SCHOOL COMMITTEE,Jessica D. Middlebrook,4,406,3,622,1,343,1865
Watertown,2025-11-04,SCHOOL COMMITTEE,Amy B. Donohue,4,356,3,622,1,343,1865
Watertown,2025-11-04,SCHOOL COMMITTEE,Joseph C. Ganno,4,216,3,622,1,343,1865
Watertown,2025-11-04,SCHOOL COMMITTEE,Sheila Krishnan,5,210,3,346,3,230,1035
Watertown,2025-11-04,SCHOOL COMMITTEE,David M. Stokes,5,108,3,346,3,230,1035
Watertown,2025-11-04,SCHOOL COMMITTEE,Jessica D. Middlebrook,5,215,3,346,3,230,1035
Watertown,2025-11-04,SCHOOL COMMITTEE,Amy B. Donohue,5,173,3,346,3,230,1035
Watertown,2025-11-04,SCHOOL COMMITTEE,Joseph C. Ganno,5,99,3,346,3,230,1035
Watertown,2025-11-04,SCHOOL COMMITTEE,Sheila Krishnan,6,203,3,343,0,198,1029
Watertown,2025-11-04,SCHOOL COMMITTEE,David M. Stokes,6,74,3,343,0,198,1029
Watertown,2025-11-04,SCHOOL COMMITTEE,Jessica D. Middlebrook,6,234,3,343,0,198,1029
Watertown,2025-11-04,SCHOOL COMMITTEE,Amy B. Donohue,6,197,3,343,0,198,1029
Watertown,2025-11-04,SCHOOL COMMITTEE,Joseph C. Ganno,6,123,3,343,0,198,1029
Watertown,2025-11-04,SCHOOL COMMITTEE,Sheila Krishnan,7,322,3,549,3,369,1644
Watertown,2025-11-04,SCHOOL COMMITTEE,David M. Stokes,7,125,3,549,3,369,1644
Watertown,2025-11-04,SCHOOL COMMITTEE,Jessica D. Middlebrook,7,328,3,549,3,369,1644
Watertown,2025-11-04,SCHOOL COMMITTEE,Amy B. Donohue,7,331,3,549,3,369,1644
Watertown,2025-11-04,SCHOOL COMMITTEE,Joseph C. Ganno,7,169,3,549,3,369,1644
Watertown,2025-11-04,SCHOOL COMMITTEE,Sheila Krishnan,8,368,3,602,2,364,1804
Watertown,2025-11-04,SCHOOL COMMITTEE,David M. Stokes,8,175,3,602,2,364,1804
Watertown,2025-11-04,SCHOOL COMMITTEE,Jessica D. Middlebrook,8,370,3,602,2,364,1804
Watertown,2025-11-04,SCHOOL COMMITTEE,Amy B. Donohue,8,353,3,602,2,364,1804
Watertown,2025-11-04,SCHOOL COMMITTEE,Joseph C. Ganno,8,174,3,602,2,364,1804
Watertown,2025-11-04,SCHOOL COMMITTEE,Sheila Krishnan,9,238,3,346,2,214,1036
Watertown,2025-11-04,SCHOOL COMMITTEE,David M. Stokes,9,99,3,346,2,214,1036
Watertown,2025-11-04,SCHOOL COMMITTEE,Jessica D. Middlebrook,9,206,3,346,2,214,1036
Watertown,2025-11-04,SCHOOL COMMITTEE,Amy B. Donohue,9,185,3,346,2,214,1036
Watertown,2025-11-04,SCHOOL COMMITTEE,Joseph C. Ganno,9,94,3,346,2,214,1036
Watertown,2023-11-07,CITY COUNCIL PRESIDENT,Mark S. Sideris,1,148,1,212,0,9,212
Watertown,2023-11-07,CITY COUNCIL PRESIDENT,Clyde L. Younger,1,55,1,212,0,9,212
Watertown,2023-11-07,CITY COUNCIL PRESIDENT,Mark S. Sideris,10,166,1,267,0,5,267
Watertown,2023-11-07,CITY COUNCIL PRESIDENT,Clyde L. Younger,10,96,1,267,0,5,267
Watertown,2023-11-07,CITY COUNCIL PRESIDENT,Mark S. Sideris,11,258,1,382,0,17,382
Watertown,2023-11-07,CITY COUNCIL PRESIDENT,Clyde L. Younger,11,107,1,382,0,17,382
Watertown,2023-11-07,CITY COUNCIL PRESIDENT,Mark S. Sideris,12,191,1,278,0,9,278
Watertown,2023-11-07,CITY COUNCIL PRESIDENT,Clyde L. Younger,12,78,1,278,0,9,278
Watertown,2023-11-07,CITY COUNCIL PRESIDENT,Mark S. Sideris,2,196,1,289,0,22,289
Watertown,2023-11-07,CITY COUNCIL PRESIDENT,Clyde L. Younger,2,71,1,289,0,22,289
Watertown,2023-11-07,CITY COUNCIL PRESIDENT,Mark S. Sideris,3,241,1,339,0,26,339
Watertown,2023-11-07,CITY COUNCIL PRESIDENT,Clyde L. Younger,3,72,1,339,0,26,339
Watertown,2023-11-07,CITY COUNCIL PRESIDENT,Mark S. Sideris,4,382,1,473,0,24,473
Watertown,2023-11-07,CITY COUNCIL PRESIDENT,Clyde L. Younger,4,67,1,473,0,24,473
Watertown,2023-11-07,CITY COUNCIL PRESIDENT,Mark S. Sideris,5,161,1,226,0,10,226
Watertown,2023-11-07,CITY COUNCIL PRESIDENT,Clyde L. Younger,5,55,1,226,0,10,226
Watertown,2023-11-07,CITY COUNCIL PRESIDENT,Mark S. Sideris,6,173,1,240,0,6,240
Watertown,2023-11-07,CITY COUNCIL PRESIDENT,Clyde L. Younger,6,61,1,240,0,6,240
Watertown,2023-11-07,CITY COUNCIL PRESIDENT,Mark S. Sideris,7,270,1,380,0,37,380
Watertown,2023-11-07,CITY COUNCIL PRESIDENT,Clyde L. Younger,7,73,1,380,0,37,380
Watertown,2023-11-07,CITY COUNCIL PRESIDENT,Mark S. Sideris,8,299,1,403,0,23,403
Watertown,2023-11-07,CITY COUNCIL PRESIDENT,Clyde L. Younger,8,81,1,403,0,23,403
Watertown,2023-11-07,CITY COUNCIL PRESIDENT,Mark S. Sideris,9,138,1,208,0,11,208
Watertown,2023-11-07,CITY COUNCIL PRESIDENT,Clyde L. Younger,9,59,1,208,0,11,208
Watertown,2023-11-07,COUNCILOR-AT-LARGE,Anthony Palomba,1,133,4,212,0,295,848
Watertown,2023-11-07,COUNCILOR-AT-LARGE,John M. Airasian,1,164,4,212,0,295,848
Watertown,2023-11-07,COUNCILOR-AT-LARGE,John G. Gannon,1,129,4,212,0,295,848
Watertown,2023-11-07,COUNCILOR-AT-LARGE,Caroline J. Bays,1,127,4,212,0,295,848
Watertown,2023-11-07,COUNCILOR-AT-LARGE,Anthony Palomba,10,164,4,267,0,399,1068
Watertown,2023-11-07,COUNCILOR-AT-LARGE,John M. Airasian,10,204,4,267,0,399,1068
Watertown,2023-11-07,COUNCILOR-AT-LARGE,John G. Gannon,10,159,4,267,0,399,1068
Watertown,2023-11-07,COUNCILOR-AT-LARGE,Caroline J. Bays,10,142,4,267,0,399,1068
Watertown,2023-11-07,COUNCILOR-AT-LARGE,Anthony Palomba,11,227,4,382,0,560,1519
Watertown,2023-11-07,COUNCILOR-AT-LARGE,John M. Airasian,11,314,4,382,0,560,1519
Watertown,2023-11-07,COUNCILOR-AT-LARGE,John G. Gannon,11,219,4,382,0,560,1519
Watertown,2023-11-07,COUNCILOR-AT-LARGE,Caroline J. Bays,11,199,4,382,0,560,1519
Watertown,2023-11-07,COUNCILOR-AT-LARGE,Anthony Palomba,12,177,4,278,0,389,1121
Watertown,2023-11-07,COUNCILOR-AT-LARGE,John M. Airasian,12,222,4,278,0,389,1121
Watertown,2023-11-07,COUNCILOR-AT-LARGE,John G. Gannon,12,172,4,278,0,389,1121
Watertown,2023-11-07,COUNCILOR-AT-LARGE,Caroline J. Bays,12,161,4,278,0,389,1121
Watertown,2023-11-07,COUNCILOR-AT-LARGE,Anthony Palomba,2,196,4,289,0,392,1153
Watertown,2023-11-07,COUNCILOR-AT-LARGE,John M. Airasian,2,209,4,289,0,392,1153
Watertown,2023-11-07,COUNCILOR-AT-LARGE,John G. Gannon,2,163,4,289,0,392,1153
Watertown,2023-11-07,COUNCILOR-AT-LARGE,Caroline J. Bays,2,193,4,289,0,392,1153
Watertown,2023-11-07,COUNCILOR-AT-LARGE,Anthony Palomba,3,253,4,339,0,385,1356
Watertown,2023-11-07,COUNCILOR-AT-LARGE,John M. Airasian,3,241,4,339,0,385,1356
Watertown,2023-11-07,COUNCILOR-AT-LARGE,John G. Gannon,3,219,4,339,0,385,1356
Watertown,2023-11-07,COUNCILOR-AT-LARGE,Caroline J. Bays,3,258,4,339,0,385,1356
Watertown,2023-11-07,COUNCILOR-AT-LARGE,Anthony Palomba,4,343,4,473,0,603,1895
Watertown,2023-11-07,COUNCILOR-AT-LARGE,John M. Airasian,4,338,4,473,0,603,1895
Watertown,2023-11-07,COUNCILOR-AT-LARGE,John G. Gannon,4,291,4,473,0,603,1895
Watertown,2023-11-07,COUNCILOR-AT-LARGE,Caroline J. Bays,4,320,4,473,0,603,1895
Watertown,2023-11-07,COUNCILOR-AT-LARGE,Anthony Palomba,5,164,4,226,0,263,901
Watertown,2023-11-07,COUNCILOR-AT-LARGE,John M. Airasian,5,159,4,226,0,263,901
Watertown,2023-11-07,COUNCILOR-AT-LARGE,John G. Gannon,5,154,4,226,0,263,901
Watertown,2023-11-07,COUNCILOR-AT-LARGE,Caroline J. Bays,5,161,4,226,0,263,901
Watertown,2023-11-07,COUNCILOR-AT-LARGE,Anthony Palomba,6,161,4,240,0,319,960
Watertown,2023-11-07,COUNCILOR-AT-LARGE,John M. Airasian,6,171,4,240,0,319,960
Watertown,2023-11-07,COUNCILOR-AT-LARGE,John G. Gannon,6,150,4,240,0,319,960
Watertown,2023-11-07,COUNCILOR-AT-LARGE,Caroline J. Bays,6,159,4,240,0,319,960
Watertown,2023-11-07,COUNCILOR-AT-LARGE,Anthony Palomba,7,237,4,380,0,573,1506
Watertown,2023-11-07,COUNCILOR-AT-LARGE,John M. Airasian,7,262,4,380,0,573,1506
Watertown,2023-11-07,COUNCILOR-AT-LARGE,John G. Gannon,7,204,4,380,0,573,1506
Watertown,2023-11-07,COUNCILOR-AT-LARGE,Caroline J. Bays,7,230,4,380,0,573,1506
Watertown,2023-11-07,COUNCILOR-AT-LARGE,Anthony Palomba,8,293,4,403,0,490,1612
Watertown,2023-11-07,COUNCILOR-AT-LARGE,John M. Airasian,8,288,4,403,0,490,1612
Watertown,2023-11-07,COUNCILOR-AT-LARGE,John G. Gannon,8,265,4,403,0,490,1612
Watertown,2023-11-07,COUNCILOR-AT-LARGE,Caroline J. Bays,8,276,4,403,0,490,1612
Watertown,2023-11-07,COUNCILOR-AT-LARGE,Anthony Palomba,9,148,4,208,0,244,834
Watertown,2023-11-07,COUNCILOR-AT-LARGE,John M. Airasian,9,143,4,208,0,244,834
Watertown,2023-11-07,COUNCILOR-AT-LARGE,John G. Gannon,9,151,4,208,0,244,834
Watertown,2023-11-07,COUNCILOR-AT-LARGE,Caroline J. Bays,9,148,4,208,0,244,834
Watertown,2023-11-07,DISTRICT A COUNCILOR,Nicole N. Gardner,1,169,1,212,0,43,212
Watertown,2023-11-07,DISTRICT A COUNCILOR,Nicole N. Gardner,2,245,1,289,0,44,289
Watertown,2023-11-07,DISTRICT A COUNCILOR,Nicole N. Gardner,3,300,1,339,0,39,339
Watertown,2023-11-07,DISTRICT B COUNCILOR,Lisa J. Feltner,4,357,1,473,0,116,473
Watertown,2023-11-07,DISTRICT B COUNCILOR,Lisa J. Feltner,5,173,1,226,0,53,226
Watertown,2023-11-07,DISTRICT B COUNCILOR,Lisa J. Feltner,6,187,1,240,0,53,240
Watertown,2023-11-07,DISTRICT C COUNCILOR,Vincent J. Piccirilli Jr.,7,270,1,380,0,110,380
Watertown,2023-11-07,DISTRICT C COUNCILOR,Vincent J. Piccirilli Jr.,8,313,1,403,0,90,403
Watertown,2023-11-07,DISTRICT C COUNCILOR,Vincent J. Piccirilli Jr.,9,153,1,208,0,55,208
Watertown,2023-11-07,DISTRICT D COUNCILOR,Emily C. Izzo,10,225,1,267,0,42,267
Watertown,2023-11-07,DISTRICT D COUNCILOR,Emily C. Izzo,11,314,1,382,0,68,382
Watertown,2023-11-07,DISTRICT D COUNCILOR,Emily C. Izzo,12,223,1,278,0,55,278
Watertown,2023-11-07,LIBRARY TRUSTEES,Maja L. Young,1,148,3,212,0,207,636
Watertown,2023-11-07,LIBRARY TRUSTEES,Theodore C. Kokoros,1,144,3,212,0,207,636
Watertown,2023-11-07,LIBRARY TRUSTEES,Sarah Murphy-Holroyd,1,137,3,212,0,207,636
Watertown,2023-11-07,LIBRARY TRUSTEES,Maja L. Young,10,169,3,267,0,318,801
Watertown,2023-11-07,LIBRARY TRUSTEES,Theodore C. Kokoros,10,164,3,267,0,318,801
Watertown,2023-11-07,LIBRARY TRUSTEES,Sarah Murphy-Holroyd,10,150,3,267,0,318,801
Watertown,2023-11-07,LIBRARY TRUSTEES,Maja L. Young,11,258,3,382,0,394,1140
Watertown,2023-11-07,LIBRARY TRUSTEES,Theodore C. Kokoros,11,254,3,382,0,394,1140
Watertown,2023-11-07,LIBRARY TRUSTEES,Sarah Murphy-Holroyd,11,234,3,382,0,394,1140
Watertown,2023-11-07,LIBRARY TRUSTEES,Maja L. Young,12,190,3,278,0,298,840
Watertown,2023-11-07,LIBRARY TRUSTEES,Theodore C. Kokoros,12,181,3,278,0,298,840
Watertown,2023-11-07,LIBRARY TRUSTEES,Sarah Murphy-Holroyd,12,171,3,278,0,298,840
Watertown,2023-11-07,LIBRARY TRUSTEES,Maja L. Young,2,210,3,289,0,281,862
Watertown,2023-11-07,LIBRARY TRUSTEES,Theodore C. Kokoros,2,192,3,289,0,281,862
Watertown,2023-11-07,LIBRARY TRUSTEES,Sarah Murphy-Holroyd,2,179,3,289,0,281,862
Watertown,2023-11-07,LIBRARY TRUSTEES,Maja L. Young,3,251,3,339,0,313,1017
Watertown,2023-11-07,LIBRARY TRUSTEES,Theodore C. Kokoros,3,227,3,339,0,313,1017
Watertown,2023-11-07,LIBRARY TRUSTEES,Sarah Murphy-Holroyd,3,226,3,339,0,313,1017
Watertown,2023-11-07,LIBRARY TRUSTEES,Maja L. Young,4,358,3,473,0,463,1421
Watertown,2023-11-07,LIBRARY TRUSTEES,Theodore C. Kokoros,4,318,3,473,0,463,1421
Watertown,2023-11-07,LIBRARY TRUSTEES,Sarah Murphy-Holroyd,4,282,3,473,0,463,1421
Watertown,2023-11-07,LIBRARY TRUSTEES,Maja L. Young,5,159,3,226,0,220,676
Watertown,2023-11-07,LIBRARY TRUSTEES,Theodore C. Kokoros,5,153,3,226,0,220,676
Watertown,2023-11-07,LIBRARY TRUSTEES,Sarah Murphy-Holroyd,5,144,3,226,0,220,676
Watertown,2023-11-07,LIBRARY TRUSTEES,Maja L. Young,6,180,3,240,0,204,720
Watertown,2023-11-07,LIBRARY TRUSTEES,Theodore C. Kokoros,6,174,3,240,0,204,720
Watertown,2023-11-07,LIBRARY TRUSTEES,Sarah Murphy-Holroyd,6,162,3,240,0,204,720
Watertown,2023-11-07,LIBRARY TRUSTEES,Maja L. Young,7,243,3,380,0,435,1130
Watertown,2023-11-07,LIBRARY TRUSTEES,Theodore C. Kokoros,7,233,3,380,0,435,1130
Watertown,2023-11-07,LIBRARY TRUSTEES,Sarah Murphy-Holroyd,7,219,3,380,0,435,1130
Watertown,2023-11-07,LIBRARY TRUSTEES,Maja L. Young,8,298,3,403,0,361,1208
Watertown,2023-11-07,LIBRARY TRUSTEES,Theodore C. Kokoros,8,282,3,403,0,361,1208
Watertown,2023-11-07,LIBRARY TRUSTEES,Sarah Murphy-Holroyd,8,267,3,403,0,361,1208
Watertown,2023-11-07,LIBRARY TRUSTEES,Maja L. Young,9,156,3,208,0,173,623
Watertown,2023-11-07,LIBRARY TRUSTEES,Theodore C. Kokoros,9,147,3,208,0,173,623
Watertown,2023-11-07,LIBRARY TRUSTEES,Sarah Murphy-Holroyd,9,147,3,208,0,173,623
Watertown,2023-11-07,SCHOOL COMMITTEE,Rachel E. Kay,1,135,3,212,0,143,633
Watertown,2023-11-07,SCHOOL COMMITTEE,Lisa Capoccia,1,86,3,212,0,143,633
Watertown,2023-11-07,SCHOOL COMMITTEE,Kendra M. Foley,1,125,3,212,0,143,633
Watertown,2023-11-07,SCHOOL COMMITTEE,Jennifer A. Nicholson,1,57,3,212,0,143,633
Watertown,2023-11-07,SCHOOL COMMITTEE,David M. Stokes,1,87,3,212,0,143,633
Watertown,2023-11-07,SCHOOL COMMITTEE,Rachel E. Kay,10,134,3,267,0,196,801
Watertown,2023-11-07,SCHOOL COMMITTEE,Lisa Capoccia,10,122,3,267,0,196,801
Watertown,2023-11-07,SCHOOL COMMITTEE,Kendra M. Foley,10,127,3,267,0,196,801
Watertown,2023-11-07,SCHOOL COMMITTEE,Jennifer A. Nicholson,10,132,3,267,0,196,801
Watertown,2023-11-07,SCHOOL COMMITTEE,David M. Stokes,10,90,3,267,0,196,801
Watertown,2023-11-07,SCHOOL COMMITTEE,Rachel E. Kay,11,164,3,382,0,229,1140
Watertown,2023-11-07,SCHOOL COMMITTEE,Lisa Capoccia,11,173,3,382,0,229,1140
Watertown,2023-11-07,SCHOOL COMMITTEE,Kendra M. Foley,11,198,3,382,0,229,1140
Watertown,2023-11-07,SCHOOL COMMITTEE,Jennifer A. Nicholson,11,230,3,382,0,229,1140
Watertown,2023-11-07,SCHOOL COMMITTEE,David M. Stokes,11,146,3,382,0,229,1140
Watertown,2023-11-07,SCHOOL COMMITTEE,Rachel E. Kay,12,124,3,278,0,154,840
Watertown,2023-11-07,SCHOOL COMMITTEE,Lisa Capoccia,12,154,3,278,0,154,840
Watertown,2023-11-07,SCHOOL COMMITTEE,Kendra M. Foley,12,162,3,278,0,154,840
Watertown,2023-11-07,SCHOOL COMMITTEE,Jennifer A. Nicholson,12,126,3,278,0,154,840
Watertown,2023-11-07,SCHOOL COMMITTEE,David M. Stokes,12,120,3,278,0,154,840
Watertown,2023-11-07,SCHOOL COMMITTEE,Rachel E. Kay,2,178,3,289,0,158,863
Watertown,2023-11-07,SCHOOL COMMITTEE,Lisa Capoccia,2,161,3,289,0,158,863
Watertown,2023-11-07,SCHOOL COMMITTEE,Kendra M. Foley,2,181,3,289,0,158,863
Watertown,2023-11-07,SCHOOL COMMITTEE,Jennifer A. Nicholson,2,66,3,289,0,158,863
Watertown,2023-11-07,SCHOOL COMMITTEE,David M. Stokes,2,119,3,289,0,158,863
Watertown,2023-11-07,SCHOOL COMMITTEE,Rachel E. Kay,3,222,3,339,0,171,1014
Watertown,2023-11-07,SCHOOL COMMITTEE,Lisa Capoccia,3,188,3,339,0,171,1014
Watertown,2023-11-07,SCHOOL COMMITTEE,Kendra M. Foley,3,207,3,339,0,171,1014
Watertown,2023-11-07,SCHOOL COMMITTEE,Jennifer A. Nicholson,3,102,3,339,0,171,1014
Watertown,2023-11-07,SCHOOL COMMITTEE,David M. Stokes,3,124,3,339,0,171,1014
Watertown,2023-11-07,SCHOOL COMMITTEE,Rachel E. Kay,4,244,3,473,0,287,1421
Watertown,2023-11-07,SCHOOL COMMITTEE,Lisa Capoccia,4,288,3,473,0,287,1421
Watertown,2023-11-07,SCHOOL COMMITTEE,Kendra M. Foley,4,322,3,473,0,287,1421
Watertown,2023-11-07,SCHOOL COMMITTEE,Jennifer A. Nicholson,4,114,3,473,0,287,1421
Watertown,2023-11-07,SCHOOL COMMITTEE,David M. Stokes,4,166,3,473,0,287,1421
Watertown,2023-11-07,SCHOOL COMMITTEE,Rachel E. Kay,5,120,3,226,0,120,676
Watertown,2023-11-07,SCHOOL COMMITTEE,Lisa Capoccia,5,144,3,226,0,120,676
Watertown,2023-11-07,SCHOOL COMMITTEE,Kendra M. Foley,5,131,3,226,0,120,676
Watertown,2023-11-07,SCHOOL COMMITTEE,Jennifer A. Nicholson,5,64,3,226,0,120,676
Watertown,2023-11-07,SCHOOL COMMITTEE,David M. Stokes,5,97,3,226,0,120,676
Watertown,2023-11-07,SCHOOL COMMITTEE,Rachel E. Kay,6,104,3,240,0,144,720
Watertown,2023-11-07,SCHOOL COMMITTEE,Lisa Capoccia,6,127,3,240,0,144,720
Watertown,2023-11-07,SCHOOL COMMITTEE,Kendra M. Foley,6,147,3,240,0,144,720
Watertown,2023-11-07,SCHOOL COMMITTEE,Jennifer A. Nicholson,6,95,3,240,0,144,720
Watertown,2023-11-07,SCHOOL COMMITTEE,David M. Stokes,6,103,3,240,0,144,720
Watertown,2023-11-07,SCHOOL COMMITTEE,Rachel E. Kay,7,196,3,380,0,219,1129
Watertown,2023-11-07,SCHOOL COMMITTEE,Lisa Capoccia,7,234,3,380,0,219,1129
Watertown,2023-11-07,SCHOOL COMMITTEE,Kendra M. Foley,7,203,3,380,0,219,1129
Watertown,2023-11-07,SCHOOL COMMITTEE,Jennifer A. Nicholson,7,129,3,380,0,219,1129
Watertown,2023-11-07,SCHOOL COMMITTEE,David M. Stokes,7,148,3,380,0,219,1129
Watertown,2023-11-07,SCHOOL COMMITTEE,Rachel E. Kay,8,220,3,403,0,186,1203
Watertown,2023-11-07,SCHOOL COMMITTEE,Lisa Capoccia,8,251,3,403,0,186,1203
Watertown,2023-11-07,SCHOOL COMMITTEE,Kendra M. Foley,8,225,3,403,0,186,1203
Watertown,2023-11-07,SCHOOL COMMITTEE,Jennifer A. Nicholson,8,140,3,403,0,186,1203
Watertown,2023-11-07,SCHOOL COMMITTEE,David M. Stokes,8,181,3,403,0,186,1203
Watertown,2023-11-07,SCHOOL COMMITTEE,Rachel E. Kay,9,137,3,208,0,134,626
Watertown,2023-11-07,SCHOOL COMMITTEE,Lisa Capoccia,9,96,3,208,0,134,626
Watertown,2023-11-07,SCHOOL COMMITTEE,Kendra M. Foley,9,119,3,208,0,134,626
Watertown,2023-11-07,SCHOOL COMMITTEE,Jennifer A. Nicholson,9,68,3,208,0,134,626
Watertown,2023-11-07,SCHOOL COMMITTEE,David M. Stokes,9,72,3,208,0,134,626
Watertown,2021-11-02,BALLOT QUESTION 1,YES,1,224,1,404,0,42,404
Watertown,2021-11-02,BALLOT QUESTION 1,NO,1,138,1,404,0,42,404
Watertown,2021-11-02,BALLOT QUESTION 1,YES,10,321,1,747,0,27,747
Watertown,2021-11-02,BALLOT QUESTION 1,NO,10,399,1,747,0,27,747
Watertown,2021-11-02,BALLOT QUESTION 1,YES,11,214,1,457,0,22,457
Watertown,2021-11-02,BALLOT QUESTION 1,NO,11,221,1,457,0,22,457
Watertown,2021-11-02,BALLOT QUESTION 1,YES,12,208,1,421,0,21,421
Watertown,2021-11-02,BALLOT QUESTION 1,NO,12,192,1,421,0,21,421
Watertown,2021-11-02,BALLOT QUESTION 1,YES,2,307,1,488,0,23,488
Watertown,2021-11-02,BALLOT QUESTION 1,NO,2,158,1,488,0,23,488
Watertown,2021-11-02,BALLOT QUESTION 1,YES,3,416,1,647,0,40,647
Watertown,2021-11-02,BALLOT QUESTION 1,NO,3,191,1,647,0,40,647
Watertown,2021-11-02,BALLOT QUESTION 1,YES,4,368,1,638,0,41,638
Watertown,2021-11-02,BALLOT QUESTION 1,NO,4,229,1,638,0,41,638
Watertown,2021-11-02,BALLOT QUESTION 1,YES,5,308,1,490,0,30,490
Watertown,2021-11-02,BALLOT QUESTION 1,NO,5,152,1,490,0,30,490
Watertown,2021-11-02,BALLOT QUESTION 1,YES,6,202,1,345,0,22,345
Watertown,2021-11-02,BALLOT QUESTION 1,NO,6,121,1,345,0,22,345
Watertown,2021-11-02,BALLOT QUESTION 1,YES,7,294,1,609,0,61,609
Watertown,2021-11-02,BALLOT QUESTION 1,NO,7,254,1,609,0,61,609
Watertown,2021-11-02,BALLOT QUESTION 1,YES,8,309,1,615,0,24,615
Watertown,2021-11-02,BALLOT QUESTION 1,NO,8,282,1,615,0,24,615
Watertown,2021-11-02,BALLOT QUESTION 1,YES,9,208,1,333,0,7,333
Watertown,2021-11-02,BALLOT QUESTION 1,NO,9,118,1,333,0,7,333
Watertown,2021-11-02,BALLOT QUESTION 2,YES,1,250,1,404,0,49,404
Watertown,2021-11-02,BALLOT QUESTION 2,NO,1,105,1,404,0,49,404
Watertown,2021-11-02,BALLOT QUESTION 2,YES,10,366,1,774,0,67,774
Watertown,2021-11-02,BALLOT QUESTION 2,NO,10,341,1,774,0,67,774
Watertown,2021-11-02,BALLOT QUESTION 2,YES,11,238,1,457,0,31,457
Watertown,2021-11-02,BALLOT QUESTION 2,NO,11,188,1,457,0,31,457
Watertown,2021-11-02,BALLOT QUESTION 2,YES,12,221,1,420,0,29,420
Watertown,2021-11-02,BALLOT QUESTION 2,NO,12,170,1,420,0,29,420
Watertown,2021-11-02,BALLOT QUESTION 2,YES,2,332,1,488,0,29,488
Watertown,2021-11-02,BALLOT QUESTION 2,NO,2,127,1,488,0,29,488
Watertown,2021-11-02,BALLOT QUESTION 2,YES,3,470,1,647,0,53,647
Watertown,2021-11-02,BALLOT QUESTION 2,NO,3,124,1,647,0,53,647
Watertown,2021-11-02,BALLOT QUESTION 2,YES,4,451,1,638,0,52,638
Watertown,2021-11-02,BALLOT QUESTION 2,NO,4,135,1,638,0,52,638
Watertown,2021-11-02,BALLOT QUESTION 2,YES,5,338,1,490,0,36,490
Watertown,2021-11-02,BALLOT QUESTION 2,NO,5,116,1,490,0,36,490
Watertown,2021-11-02,BALLOT QUESTION 2,YES,6,225,1,346,0,26,346
Watertown,2021-11-02,BALLOT QUESTION 2,NO,6,95,1,346,0,26,346
Watertown,2021-11-02,BALLOT QUESTION 2,YES,7,323,1,609,0,83,609
Watertown,2021-11-02,BALLOT QUESTION 2,NO,7,203,1,609,0,83,609
Watertown,2021-11-02,BALLOT QUESTION 2,YES,8,349,1,614,0,35,614
Watertown,2021-11-02,BALLOT QUESTION 2,NO,8,230,1,614,0,35,614
Watertown,2021-11-02,BALLOT QUESTION 2,YES,9,227,1,331,0,14,331
Watertown,2021-11-02,BALLOT QUESTION 2,NO,9,90,1,331,0,14,331
Watertown,2021-11-02,CITY COUNCIL PRESIDENT,Mark S. Sideris,1,279,1,404,5,120,399
Watertown,2021-11-02,CITY COUNCIL PRESIDENT,Mark S. Sideris,10,542,1,747,10,195,737
Watertown,2021-11-02,CITY COUNCIL PRESIDENT,Mark S. Sideris,11,333,1,457,15,109,442
Watertown,2021-11-02,CITY COUNCIL PRESIDENT,Mark S. Sideris,12,311,1,419,5,103,414
Watertown,2021-11-02,CITY COUNCIL PRESIDENT,Mark S. Sideris,2,332,1,472,15,125,457
Watertown,2021-11-02,CITY COUNCIL PRESIDENT,Mark S. Sideris,3,461,1,647,8,178,639
Watertown,2021-11-02,CITY COUNCIL PRESIDENT,Mark S. Sideris,4,471,1,636,20,145,616
Watertown,2021-11-02,CITY COUNCIL PRESIDENT,Mark S. Sideris,5,353,1,490,9,128,481
Watertown,2021-11-02,CITY COUNCIL PRESIDENT,Mark S. Sideris,6,271,1,344,14,59,330
Watertown,2021-11-02,CITY COUNCIL PRESIDENT,Mark S. Sideris,7,457,1,608,18,133,590
Watertown,2021-11-02,CITY COUNCIL PRESIDENT,Mark S. Sideris,8,461,1,612,16,135,596
Watertown,2021-11-02,CITY COUNCIL PRESIDENT,Mark S. Sideris,9,245,1,333,8,80,325
Watertown,2021-11-02,COUNCILOR-AT-LARGE,John Airasian,1,214,3,457,1,443,1599
Watertown,2021-11-02,COUNCILOR-AT-LARGE,Caroline J. Bays,1,207,3,457,1,443,1599
Watertown,2021-11-02,COUNCILOR-AT-LARGE,Anthony Palomba,1,198,3,457,1,443,1599
Watertown,2021-11-02,COUNCILOR-AT-LARGE,Daniel D’Amico,1,135,3,457,1,443,1599
Watertown,2021-11-02,COUNCILOR-AT-LARGE,James L. Mello,1,93,3,457,1,443,1599
Watertown,2021-11-02,COUNCILOR-AT-LARGE,Megan S. O’Halloran,1,139,3,457,1,443,1599
Watertown,2021-11-02,COUNCILOR-AT-LARGE,John G. Gannon,1,170,3,457,1,443,1599
Watertown,2021-11-02,COUNCILOR-AT-LARGE,John Airasian,10,466,3,891,1,863,3059
Watertown,2021-11-02,COUNCILOR-AT-LARGE,Caroline J. Bays,10,238,3,891,1,863,3059
Watertown,2021-11-02,COUNCILOR-AT-LARGE,Anthony Palomba,10,260,3,891,1,863,3059
Watertown,2021-11-02,COUNCILOR-AT-LARGE,Daniel D’Amico,10,282,3,891,1,863,3059
Watertown,2021-11-02,COUNCILOR-AT-LARGE,James L. Mello,10,275,3,891,1,863,3059
Watertown,2021-11-02,COUNCILOR-AT-LARGE,Megan S. O’Halloran,10,371,3,891,1,863,3059
Watertown,2021-11-02,COUNCILOR-AT-LARGE,John G. Gannon,10,304,3,891,1,863,3059
Watertown,2021-11-02,COUNCILOR-AT-LARGE,John Airasian,11,306,4,507,2,408,1816
Watertown,2021-11-02,COUNCILOR-AT-LARGE,Caroline J. Bays,11,159,4,507,2,408,1816
Watertown,2021-11-02,COUNCILOR-AT-LARGE,Anthony Palomba,11,173,4,507,2,408,1816
Watertown,2021-11-02,COUNCILOR-AT-LARGE,Daniel D’Amico,11,171,4,507,2,408,1816
Watertown,2021-11-02,COUNCILOR-AT-LARGE,James L. Mello,11,197,4,507,2,408,1816
Watertown,2021-11-02,COUNCILOR-AT-LARGE,Megan S. O’Halloran,11,250,4,507,2,408,1816
Watertown,2021-11-02,COUNCILOR-AT-LARGE,John G. Gannon,11,152,4,507,2,408,1816
Watertown,2021-11-02,COUNCILOR-AT-LARGE,John Airasian,12,260,4,471,1,369,1685
Watertown,2021-11-02,COUNCILOR-AT-LARGE,Caroline J. Bays,12,181,4,471,1,369,1685
Watertown,2021-11-02,COUNCILOR-AT-LARGE,Anthony Palomba,12,184,4,471,1,369,1685
Watertown,2021-11-02,COUNCILOR-AT-LARGE,Daniel D’Amico,12,140,4,471,1,369,1685
Watertown,2021-11-02,COUNCILOR-AT-LARGE,James L. Mello,12,157,4,471,1,369,1685
Watertown,2021-11-02,COUNCILOR-AT-LARGE,Megan S. O’Halloran,12,218,4,471,1,369,1685
Watertown,2021-11-02,COUNCILOR-AT-LARGE,John G. Gannon,12,176,4,471,1,369,1685
Watertown,2021-11-02,COUNCILOR-AT-LARGE,John Airasian,2,228,3,594,2,427,1933
Watertown,2021-11-02,COUNCILOR-AT-LARGE,Caroline J. Bays,2,303,3,594,2,427,1933
Watertown,2021-11-02,COUNCILOR-AT-LARGE,Anthony Palomba,2,298,3,594,2,427,1933
Watertown,2021-11-02,COUNCILOR-AT-LARGE,Daniel D’Amico,2,196,3,594,2,427,1933
Watertown,2021-11-02,COUNCILOR-AT-LARGE,James L. Mello,2,88,3,594,2,427,1933
Watertown,2021-11-02,COUNCILOR-AT-LARGE,Megan S. O’Halloran,2,161,3,594,2,427,1933
Watertown,2021-11-02,COUNCILOR-AT-LARGE,John G. Gannon,2,232,3,594,2,427,1933
Watertown,2021-11-02,COUNCILOR-AT-LARGE,John Airasian,3,257,3,768,1,634,2564
Watertown,2021-11-02,COUNCILOR-AT-LARGE,Caroline J. Bays,3,408,3,768,1,634,2564
Watertown,2021-11-02,COUNCILOR-AT-LARGE,Anthony Palomba,3,409,3,768,1,634,2564
Watertown,2021-11-02,COUNCILOR-AT-LARGE,Daniel D’Amico,3,311,3,768,1,634,2564
Watertown,2021-11-02,COUNCILOR-AT-LARGE,James L. Mello,3,85,3,768,1,634,2564
Watertown,2021-11-02,COUNCILOR-AT-LARGE,Megan S. O’Halloran,3,157,3,768,1,634,2564
Watertown,2021-11-02,COUNCILOR-AT-LARGE,John G. Gannon,3,303,3,768,1,634,2564
Watertown,2021-11-02,COUNCILOR-AT-LARGE,John Airasian,4,298,3,730,4,452,2535
Watertown,2021-11-02,COUNCILOR-AT-LARGE,Caroline J. Bays,4,403,3,730,4,452,2535
Watertown,2021-11-02,COUNCILOR-AT-LARGE,Anthony Palomba,4,406,3,730,4,452,2535
Watertown,2021-11-02,COUNCILOR-AT-LARGE,Daniel D’Amico,4,321,3,730,4,452,2535
Watertown,2021-11-02,COUNCILOR-AT-LARGE,James L. Mello,4,123,3,730,4,452,2535
Watertown,2021-11-02,COUNCILOR-AT-LARGE,Megan S. O’Halloran,4,177,3,730,4,452,2535
Watertown,2021-11-02,COUNCILOR-AT-LARGE,John G. Gannon,4,355,3,730,4,452,2535
Watertown,2021-11-02,COUNCILOR-AT-LARGE,John Airasian,5,223,4,547,1,381,1959
Watertown,2021-11-02,COUNCILOR-AT-LARGE,Caroline J. Bays,5,284,4,547,1,381,1959
Watertown,2021-11-02,COUNCILOR-AT-LARGE,Anthony Palomba,5,303,4,547,1,381,1959
Watertown,2021-11-02,COUNCILOR-AT-LARGE,Daniel D’Amico,5,233,4,547,1,381,1959
Watertown,2021-11-02,COUNCILOR-AT-LARGE,James L. Mello,5,99,4,547,1,381,1959
Watertown,2021-11-02,COUNCILOR-AT-LARGE,Megan S. O’Halloran,5,155,4,547,1,381,1959
Watertown,2021-11-02,COUNCILOR-AT-LARGE,John G. Gannon,5,281,4,547,1,381,1959
Watertown,2021-11-02,COUNCILOR-AT-LARGE,John Airasian,6,156,4,377,4,319,1369
Watertown,2021-11-02,COUNCILOR-AT-LARGE,Caroline J. Bays,6,189,4,377,4,319,1369
Watertown,2021-11-02,COUNCILOR-AT-LARGE,Anthony Palomba,6,189,4,377,4,319,1369
Watertown,2021-11-02,COUNCILOR-AT-LARGE,Daniel D’Amico,6,149,4,377,4,319,1369
Watertown,2021-11-02,COUNCILOR-AT-LARGE,James L. Mello,6,81,4,377,4,319,1369
Watertown,2021-11-02,COUNCILOR-AT-LARGE,Megan S. O’Halloran,6,116,4,377,4,319,1369
Watertown,2021-11-02,COUNCILOR-AT-LARGE,John G. Gannon,6,170,4,377,4,319,1369
Watertown,2021-11-02,COUNCILOR-AT-LARGE,John Airasian,7,319,3,748,5,458,2348
Watertown,2021-11-02,COUNCILOR-AT-LARGE,Caroline J. Bays,7,307,3,748,5,458,2348
Watertown,2021-11-02,COUNCILOR-AT-LARGE,Anthony Palomba,7,304,3,748,5,458,2348
Watertown,2021-11-02,COUNCILOR-AT-LARGE,Daniel D’Amico,7,259,3,748,5,458,2348
Watertown,2021-11-02,COUNCILOR-AT-LARGE,James L. Mello,7,178,3,748,5,458,2348
Watertown,2021-11-02,COUNCILOR-AT-LARGE,Megan S. O’Halloran,7,236,3,748,5,458,2348
Watertown,2021-11-02,COUNCILOR-AT-LARGE,John G. Gannon,7,287,3,748,5,458,2348
Watertown,2021-11-02,COUNCILOR-AT-LARGE,John Airasian,8,288,4,668,0,475,2447
Watertown,2021-11-02,COUNCILOR-AT-LARGE,Caroline J. Bays,8,309,4,668,0,475,2447
Watertown,2021-11-02,COUNCILOR-AT-LARGE,Anthony Palomba,8,332,4,668,0,475,2447
Watertown,2021-11-02,COUNCILOR-AT-LARGE,Daniel D’Amico,8,301,4,668,0,475,2447
Watertown,2021-11-02,COUNCILOR-AT-LARGE,James L. Mello,8,195,4,668,0,475,2447
Watertown,2021-11-02,COUNCILOR-AT-LARGE,Megan S. O’Halloran,8,243,4,668,0,475,2447
Watertown,2021-11-02,COUNCILOR-AT-LARGE,John G. Gannon,8,304,4,668,0,475,2447
Watertown,2021-11-02,COUNCILOR-AT-LARGE,John Airasian,9,162,4,371,1,234,1342
Watertown,2021-11-02,COUNCILOR-AT-LARGE,Caroline J. Bays,9,188,4,371,1,234,1342
Watertown,2021-11-02,COUNCILOR-AT-LARGE,Anthony Palomba,9,195,4,371,1,234,1342
Watertown,2021-11-02,COUNCILOR-AT-LARGE,Daniel D’Amico,9,164,4,371,1,234,1342
Watertown,2021-11-02,COUNCILOR-AT-LARGE,James L. Mello,9,91,4,371,1,234,1342
Watertown,2021-11-02,COUNCILOR-AT-LARGE,Megan S. O’Halloran,9,126,4,371,1,234,1342
Watertown,2021-11-02,COUNCILOR-AT-LARGE,John G. Gannon,9,182,4,371,1,234,1342
Watertown,2021-11-02,DISTRICT A COUNCILOR,Nicole N. Gardner,1,242,1,404,2,19,402
Watertown,2021-11-02,DISTRICT A COUNCILOR,Michael J. Hanlon Jr.,1,141,1,404,2,19,402
Watertown,2021-11-02,DISTRICT A COUNCILOR,Nicole N. Gardner,2,369,1,488,0,13,488
Watertown,2021-11-02,DISTRICT A COUNCILOR,Michael J. Hanlon Jr.,2,106,1,488,0,13,488
Watertown,2021-11-02,DISTRICT A COUNCILOR,Nicole N. Gardner,3,498,1,647,1,22,646
Watertown,2021-11-02,DISTRICT A COUNCILOR,Michael J. Hanlon Jr.,3,126,1,647,1,22,646
Watertown,2021-11-02,DISTRICT B COUNCILOR,Lisa J. Feltner,4,425,1,641,3,64,638
Watertown,2021-11-02,DISTRICT B COUNCILOR,Tiffany York,4,149,1,641,3,64,638
Watertown,2021-11-02,DISTRICT B COUNCILOR,Lisa J. Feltner,5,305,1,490,0,27,490
Watertown,2021-11-02,DISTRICT B COUNCILOR,Tiffany York,5,158,1,490,0,27,490
Watertown,2021-11-02,DISTRICT B COUNCILOR,Lisa J. Feltner,6,194,1,345,0,19,345
Watertown,2021-11-02,DISTRICT B COUNCILOR,Tiffany York,6,132,1,345,0,19,345
Watertown,2021-11-02,DISTRICT C COUNCILOR,Vincent J. Piccirilli Jr.,7,427,1,591,23,141,568
Watertown,2021-11-02,DISTRICT C COUNCILOR,Vincent J. Piccirilli Jr.,8,437,1,612,17,158,595
Watertown,2021-11-02,DISTRICT C COUNCILOR,Vincent J. Piccirilli Jr.,9,227,1,331,16,88,315
Watertown,2021-11-02,DISTRICT D COUNCILOR,Constance S. Henry,10,198,1,747,0,34,747
Watertown,2021-11-02,DISTRICT D COUNCILOR,Emily C. Izzo,10,515,1,747,0,34,747
Watertown,2021-11-02,DISTRICT D COUNCILOR,Constance S. Henry,11,127,1,457,0,21,457
Watertown,2021-11-02,DISTRICT D COUNCILOR,Emily C. Izzo,11,309,1,457,0,21,457
Watertown,2021-11-02,DISTRICT D COUNCILOR,Constance S. Henry,12,129,1,423,0,23,423
Watertown,2021-11-02,DISTRICT D COUNCILOR,Emily C. Izzo,12,271,1,423,0,23,423
Watertown,2021-11-02,LIBRARY TRUSTEES,Sara A. Keary,1,169,3,435,1,450,1196
Watertown,2021-11-02,LIBRARY TRUSTEES,Rose Mary Su,1,191,3,435,1,450,1196
Watertown,2021-11-02,LIBRARY TRUSTEES,Leanne Hammonds,1,218,3,435,1,450,1196
Watertown,2021-11-02,LIBRARY TRUSTEES,Maja L. Young,1,168,3,435,1,450,1196
Watertown,2021-11-02,LIBRARY TRUSTEES,Sara A. Keary,10,304,3,819,4,1009,2261
Watertown,2021-11-02,LIBRARY TRUSTEES,Rose Mary Su,10,319,3,819,4,1009,2261
Watertown,2021-11-02,LIBRARY TRUSTEES,Leanne Hammonds,10,397,3,819,4,1009,2261
Watertown,2021-11-02,LIBRARY TRUSTEES,Maja L. Young,10,232,3,819,4,1009,2261
Watertown,2021-11-02,LIBRARY TRUSTEES,Sara A. Keary,11,212,3,482,3,563,1353
Watertown,2021-11-02,LIBRARY TRUSTEES,Rose Mary Su,11,186,3,482,3,563,1353
Watertown,2021-11-02,LIBRARY TRUSTEES,Leanne Hammonds,11,247,3,482,3,563,1353
Watertown,2021-11-02,LIBRARY TRUSTEES,Maja L. Young,11,145,3,482,3,563,1353
Watertown,2021-11-02,LIBRARY TRUSTEES,Sara A. Keary,12,167,3,445,7,538,1248
Watertown,2021-11-02,LIBRARY TRUSTEES,Rose Mary Su,12,158,3,445,7,538,1248
Watertown,2021-11-02,LIBRARY TRUSTEES,Leanne Hammonds,12,230,3,445,7,538,1248
Watertown,2021-11-02,LIBRARY TRUSTEES,Maja L. Young,12,155,3,445,7,538,1248
Watertown,2021-11-02,LIBRARY TRUSTEES,Sara A. Keary,2,232,3,541,3,482,1432
Watertown,2021-11-02,LIBRARY TRUSTEES,Rose Mary Su,2,228,3,541,3,482,1432
Watertown,2021-11-02,LIBRARY TRUSTEES,Leanne Hammonds,2,266,3,541,3,482,1432
Watertown,2021-11-02,LIBRARY TRUSTEES,Maja L. Young,2,224,3,541,3,482,1432
Watertown,2021-11-02,LIBRARY TRUSTEES,Sara A. Keary,3,268,3,713,0,686,1911
Watertown,2021-11-02,LIBRARY TRUSTEES,Rose Mary Su,3,340,3,713,0,686,1911
Watertown,2021-11-02,LIBRARY TRUSTEES,Leanne Hammonds,3,350,3,713,0,686,1911
Watertown,2021-11-02,LIBRARY TRUSTEES,Maja L. Young,3,267,3,713,0,686,1911
Watertown,2021-11-02,LIBRARY TRUSTEES,Sara A. Keary,4,261,3,676,7,637,1875
Watertown,2021-11-02,LIBRARY TRUSTEES,Rose Mary Su,4,280,3,676,7,637,1875
Watertown,2021-11-02,LIBRARY TRUSTEES,Leanne Hammonds,4,384,3,676,7,637,1875
Watertown,2021-11-02,LIBRARY TRUSTEES,Maja L. Young,4,313,3,676,7,637,1875
Watertown,2021-11-02,LIBRARY TRUSTEES,Sara A. Keary,5,282,3,528,4,465,1466
Watertown,2021-11-02,LIBRARY TRUSTEES,Rose Mary Su,5,225,3,528,4,465,1466
Watertown,2021-11-02,LIBRARY TRUSTEES,Leanne Hammonds,5,293,3,528,4,465,1466
Watertown,2021-11-02,LIBRARY TRUSTEES,Maja L. Young,5,201,3,528,4,465,1466
Watertown,2021-11-02,LIBRARY TRUSTEES,Sara A. Keary,6,174,3,365,2,367,1027
Watertown,2021-11-02,LIBRARY TRUSTEES,Rose Mary Su,6,143,3,365,2,367,1027
Watertown,2021-11-02,LIBRARY TRUSTEES,Leanne Hammonds,6,209,3,365,2,367,1027
Watertown,2021-11-02,LIBRARY TRUSTEES,Maja L. Young,6,134,3,365,2,367,1027
Watertown,2021-11-02,LIBRARY TRUSTEES,Sara A. Keary,7,230,3,677,12,674,1735
Watertown,2021-11-02,LIBRARY TRUSTEES,Rose Mary Su,7,248,3,677,12,674,1735
Watertown,2021-11-02,LIBRARY TRUSTEES,Leanne Hammonds,7,358,3,677,12,674,1735
Watertown,2021-11-02,LIBRARY TRUSTEES,Maja L. Young,7,225,3,677,12,674,1735
Watertown,2021-11-02,LIBRARY TRUSTEES,Sara A. Keary,8,279,3,636,2,687,1820
Watertown,2021-11-02,LIBRARY TRUSTEES,Rose Mary Su,8,263,3,636,2,687,1820
Watertown,2021-11-02,LIBRARY TRUSTEES,Leanne Hammonds,8,375,3,636,2,687,1820
Watertown,2021-11-02,LIBRARY TRUSTEES,Maja L. Young,8,216,3,636,2,687,1820
Watertown,2021-11-02,LIBRARY TRUSTEES,Sara A. Keary,9,186,3,346,0,308,994
Watertown,2021-11-02,LIBRARY TRUSTEES,Rose Mary Su,9,176,3,346,0,308,994
Watertown,2021-11-02,LIBRARY TRUSTEES,Leanne Hammonds,9,198,3,346,0,308,994
Watertown,2021-11-02,LIBRARY TRUSTEES,Maja L. Young,9,126,3,346,0,308,994
Watertown,2021-11-02,SCHOOL COMMITTEE,Lily Rayman-Read,1,172,3,439,1,361,1200
Watertown,2021-11-02,SCHOOL COMMITTEE,Rachel E. Kay,1,139,3,439,1,361,1200
Watertown,2021-11-02,SCHOOL COMMITTEE,Colleen Mahoney Faherty,1,100,3,439,1,361,1200
Watertown,2021-11-02,SCHOOL COMMITTEE,Jennifer A. Nicholson,1,108,3,439,1,361,1200
Watertown,2021-11-02,SCHOOL COMMITTEE,Amy B. Donohue,1,183,3,439,1,361,1200
Watertown,2021-11-02,SCHOOL COMMITTEE,Jessica D. Middlebrook,1,137,3,439,1,361,1200
Watertown,2021-11-02,SCHOOL COMMITTEE,Lily Rayman-Read,10,235,3,867,0,623,2313
Watertown,2021-11-02,SCHOOL COMMITTEE,Rachel E. Kay,10,167,3,867,0,623,2313
Watertown,2021-11-02,SCHOOL COMMITTEE,Colleen Mahoney Faherty,10,270,3,867,0,623,2313
Watertown,2021-11-02,SCHOOL COMMITTEE,Jennifer A. Nicholson,10,375,3,867,0,623,2313
Watertown,2021-11-02,SCHOOL COMMITTEE,Amy B. Donohue,10,377,3,867,0,623,2313
Watertown,2021-11-02,SCHOOL COMMITTEE,Jessica D. Middlebrook,10,266,3,867,0,623,2313
Watertown,2021-11-02,SCHOOL COMMITTEE,Lily Rayman-Read,11,157,3,491,1,262,1364
Watertown,2021-11-02,SCHOOL COMMITTEE,Rachel E. Kay,11,110,3,491,1,262,1364
Watertown,2021-11-02,SCHOOL COMMITTEE,Colleen Mahoney Faherty,11,180,3,491,1,262,1364
Watertown,2021-11-02,SCHOOL COMMITTEE,Jennifer A. Nicholson,11,246,3,491,1,262,1364
Watertown,2021-11-02,SCHOOL COMMITTEE,Amy B. Donohue,11,254,3,491,1,262,1364
Watertown,2021-11-02,SCHOOL COMMITTEE,Jessica D. Middlebrook,11,155,3,491,1,262,1364
Watertown,2021-11-02,SCHOOL COMMITTEE,Lily Rayman-Read,12,182,3,456,0,221,1266
Watertown,2021-11-02,SCHOOL COMMITTEE,Rachel E. Kay,12,107,3,456,0,221,1266
Watertown,2021-11-02,SCHOOL COMMITTEE,Colleen Mahoney Faherty,12,183,3,456,0,221,1266
Watertown,2021-11-02,SCHOOL COMMITTEE,Jennifer A. Nicholson,12,197,3,456,0,221,1266
Watertown,2021-11-02,SCHOOL COMMITTEE,Amy B. Donohue,12,225,3,456,0,221,1266
Watertown,2021-11-02,SCHOOL COMMITTEE,Jessica D. Middlebrook,12,151,3,456,0,221,1266
Watertown,2021-11-02,SCHOOL COMMITTEE,Lily Rayman-Read,2,238,3,553,2,337,1445
Watertown,2021-11-02,SCHOOL COMMITTEE,Rachel E. Kay,2,221,3,553,2,337,1445
Watertown,2021-11-02,SCHOOL COMMITTEE,Colleen Mahoney Faherty,2,113,3,553,2,337,1445
Watertown,2021-11-02,SCHOOL COMMITTEE,Jennifer A. Nicholson,2,134,3,553,2,337,1445
Watertown,2021-11-02,SCHOOL COMMITTEE,Amy B. Donohue,2,199,3,553,2,337,1445
Watertown,2021-11-02,SCHOOL COMMITTEE,Jessica D. Middlebrook,2,203,3,553,2,337,1445
Watertown,2021-11-02,SCHOOL COMMITTEE,Lily Rayman-Read,3,327,3,721,0,525,1919
Watertown,2021-11-02,SCHOOL COMMITTEE,Rachel E. Kay,3,311,3,721,0,525,1919
Watertown,2021-11-02,SCHOOL COMMITTEE,Colleen Mahoney Faherty,3,98,3,721,0,525,1919
Watertown,2021-11-02,SCHOOL COMMITTEE,Jennifer A. Nicholson,3,119,3,721,0,525,1919
Watertown,2021-11-02,SCHOOL COMMITTEE,Amy B. Donohue,3,248,3,721,0,525,1919
Watertown,2021-11-02,SCHOOL COMMITTEE,Jessica D. Middlebrook,3,291,3,721,0,525,1919
Watertown,2021-11-02,SCHOOL COMMITTEE,Lily Rayman-Read,4,337,3,687,5,378,1888
Watertown,2021-11-02,SCHOOL COMMITTEE,Rachel E. Kay,4,253,3,687,5,378,1888
Watertown,2021-11-02,SCHOOL COMMITTEE,Colleen Mahoney Faherty,4,119,3,687,5,378,1888
Watertown,2021-11-02,SCHOOL COMMITTEE,Jennifer A. Nicholson,4,177,3,687,5,378,1888
Watertown,2021-11-02,SCHOOL COMMITTEE,Amy B. Donohue,4,296,3,687,5,378,1888
Watertown,2021-11-02,SCHOOL COMMITTEE,Jessica D. Middlebrook,4,328,3,687,5,378,1888
Watertown,2021-11-02,SCHOOL COMMITTEE,Lily Rayman-Read,5,273,3,528,2,336,1468
Watertown,2021-11-02,SCHOOL COMMITTEE,Rachel E. Kay,5,176,3,528,2,336,1468
Watertown,2021-11-02,SCHOOL COMMITTEE,Colleen Mahoney Faherty,5,98,3,528,2,336,1468
Watertown,2021-11-02,SCHOOL COMMITTEE,Jennifer A. Nicholson,5,156,3,528,2,336,1468
Watertown,2021-11-02,SCHOOL COMMITTEE,Amy B. Donohue,5,200,3,528,2,336,1468
Watertown,2021-11-02,SCHOOL COMMITTEE,Jessica D. Middlebrook,5,229,3,528,2,336,1468
Watertown,2021-11-02,SCHOOL COMMITTEE,Lily Rayman-Read,6,174,3,359,2,217,1021
Watertown,2021-11-02,SCHOOL COMMITTEE,Rachel E. Kay,6,122,3,359,2,217,1021
Watertown,2021-11-02,SCHOOL COMMITTEE,Colleen Mahoney Faherty,6,88,3,359,2,217,1021
Watertown,2021-11-02,SCHOOL COMMITTEE,Jennifer A. Nicholson,6,105,3,359,2,217,1021
Watertown,2021-11-02,SCHOOL COMMITTEE,Amy B. Donohue,6,176,3,359,2,217,1021
Watertown,2021-11-02,SCHOOL COMMITTEE,Jessica D. Middlebrook,6,139,3,359,2,217,1021
Watertown,2021-11-02,SCHOOL COMMITTEE,Lily Rayman-Read,7,278,2,711,7,344,1774
Watertown,2021-11-02,SCHOOL COMMITTEE,Rachel E. Kay,7,176,2,711,7,344,1774
Watertown,2021-11-02,SCHOOL COMMITTEE,Colleen Mahoney Faherty,7,178,2,711,7,344,1774
Watertown,2021-11-02,SCHOOL COMMITTEE,Jennifer A. Nicholson,7,238,2,711,7,344,1774
Watertown,2021-11-02,SCHOOL COMMITTEE,Amy B. Donohue,7,315,2,711,7,344,1774
Watertown,2021-11-02,SCHOOL COMMITTEE,Jessica D. Middlebrook,7,245,2,711,7,344,1774
Watertown,2021-11-02,SCHOOL COMMITTEE,Lily Rayman-Read,8,294,3,645,0,345,1831
Watertown,2021-11-02,SCHOOL COMMITTEE,Rachel E. Kay,8,189,3,645,0,345,1831
Watertown,2021-11-02,SCHOOL COMMITTEE,Colleen Mahoney Faherty,8,193,3,645,0,345,1831
Watertown,2021-11-02,SCHOOL COMMITTEE,Jennifer A. Nicholson,8,234,3,645,0,345,1831
Watertown,2021-11-02,SCHOOL COMMITTEE,Amy B. Donohue,8,295,3,645,0,345,1831
Watertown,2021-11-02,SCHOOL COMMITTEE,Jessica D. Middlebrook,8,281,3,645,0,345,1831
Watertown,2021-11-02,SCHOOL COMMITTEE,Lily Rayman-Read,9,158,3,349,1,200,996
Watertown,2021-11-02,SCHOOL COMMITTEE,Rachel E. Kay,9,156,3,349,1,200,996
Watertown,2021-11-02,SCHOOL COMMITTEE,Colleen Mahoney Faherty,9,85,3,349,1,200,996
Watertown,2021-11-02,SCHOOL COMMITTEE,Jennifer A. Nicholson,9,94,3,349,1,200,996
Watertown,2021-11-02,SCHOOL COMMITTEE,Amy B. Donohue,9,156,3,349,1,200,996
Watertown,2021-11-02,SCHOOL COMMITTEE,Jessica D. Middlebrook,9,147,3,349,1,200,996
Watertown,2019-11-05,CITY COUNCIL PRESIDENT,Mark S. Sideris,1,178,1,211,1,32,210
Watertown,2019-11-05,CITY COUNCIL PRESIDENT,Mark S. Sideris,10,336,1,447,6,105,441
Watertown,2019-11-05,CITY COUNCIL PRESIDENT,Mark S. Sideris,11,201,1,266,11,54,255
Watertown,2019-11-05,CITY COUNCIL PRESIDENT,Mark S. Sideris,12,213,1,277,1,63,276
Watertown,2019-11-05,CITY COUNCIL PRESIDENT,Mark S. Sideris,2,212,1,283,7,64,276
Watertown,2019-11-05,CITY COUNCIL PRESIDENT,Mark S. Sideris,3,252,1,328,6,70,322
Watertown,2019-11-05,CITY COUNCIL PRESIDENT,Mark S. Sideris,4,363,1,476,3,110,473
Watertown,2019-11-05,CITY COUNCIL PRESIDENT,Mark S. Sideris,5,306,1,393,6,81,387
Watertown,2019-11-05,CITY COUNCIL PRESIDENT,Mark S. Sideris,6,205,1,252,2,45,250
Watertown,2019-11-05,CITY COUNCIL PRESIDENT,Mark S. Sideris,7,369,1,461,5,87,456
Watertown,2019-11-05,CITY COUNCIL PRESIDENT,Mark S. Sideris,8,403,1,480,6,71,474
Watertown,2019-11-05,CITY COUNCIL PRESIDENT,Mark S. Sideris,9,178,1,238,5,55,233
Watertown,2019-11-05,COUNCILOR-AT-LARGE,Clyde L. Younger,1,52,4,211,1,173,843
Watertown,2019-11-05,COUNCILOR-AT-LARGE,Anthony Palomba,1,127,4,211,1,173,843
Watertown,2019-11-05,COUNCILOR-AT-LARGE,Anthony Joseph Donato,1,131,4,211,1,173,843
Watertown,2019-11-05,COUNCILOR-AT-LARGE,John G. Gannon,1,100,4,211,1,173,843
Watertown,2019-11-05,COUNCILOR-AT-LARGE,James L. Mello,1,69,4,211,1,173,843
Watertown,2019-11-05,COUNCILOR-AT-LARGE,Michelle Joyce Cokonougher,1,70,4,211,1,173,843
Watertown,2019-11-05,COUNCILOR-AT-LARGE,Caroline J. Bays,1,121,4,211,1,173,843
Watertown,2019-11-05,COUNCILOR-AT-LARGE,Clyde L. Younger,10,174,4,447,1,438,1787
Watertown,2019-11-05,COUNCILOR-AT-LARGE,Anthony Palomba,10,235,4,447,1,438,1787
Watertown,2019-11-05,COUNCILOR-AT-LARGE,Anthony Joseph Donato,10,315,4,447,1,438,1787
Watertown,2019-11-05,COUNCILOR-AT-LARGE,John G. Gannon,10,232,4,447,1,438,1787
Watertown,2019-11-05,COUNCILOR-AT-LARGE,James L. Mello,10,151,4,447,1,438,1787
Watertown,2019-11-05,COUNCILOR-AT-LARGE,Michelle Joyce Cokonougher,10,72,4,447,1,438,1787
Watertown,2019-11-05,COUNCILOR-AT-LARGE,Caroline J. Bays,10,170,4,447,1,438,1787
Watertown,2019-11-05,COUNCILOR-AT-LARGE,Clyde L. Younger,11,93,4,266,3,261,1061
Watertown,2019-11-05,COUNCILOR-AT-LARGE,Anthony Palomba,11,124,4,266,3,261,1061
Watertown,2019-11-05,COUNCILOR-AT-LARGE,Anthony Joseph Donato,11,188,4,266,3,261,1061
Watertown,2019-11-05,COUNCILOR-AT-LARGE,John G. Gannon,11,123,4,266,3,261,1061
Watertown,2019-11-05,COUNCILOR-AT-LARGE,James L. Mello,11,98,4,266,3,261,1061
Watertown,2019-11-05,COUNCILOR-AT-LARGE,Michelle Joyce Cokonougher,11,59,4,266,3,261,1061
Watertown,2019-11-05,COUNCILOR-AT-LARGE,Caroline J. Bays,11,115,4,266,3,261,1061
Watertown,2019-11-05,COUNCILOR-AT-LARGE,Clyde L. Younger,12,90,4,277,5,240,1103
Watertown,2019-11-05,COUNCILOR-AT-LARGE,Anthony Palomba,12,152,4,277,5,240,1103
Watertown,2019-11-05,COUNCILOR-AT-LARGE,Anthony Joseph Donato,12,204,4,277,5,240,1103
Watertown,2019-11-05,COUNCILOR-AT-LARGE,John G. Gannon,12,139,4,277,5,240,1103
Watertown,2019-11-05,COUNCILOR-AT-LARGE,James L. Mello,12,99,4,277,5,240,1103
Watertown,2019-11-05,COUNCILOR-AT-LARGE,Michelle Joyce Cokonougher,12,51,4,277,5,240,1103
Watertown,2019-11-05,COUNCILOR-AT-LARGE,Caroline J. Bays,12,128,4,277,5,240,1103
Watertown,2019-11-05,COUNCILOR-AT-LARGE,Clyde L. Younger,2,84,4,283,7,226,1125
Watertown,2019-11-05,COUNCILOR-AT-LARGE,Anthony Palomba,2,195,4,283,7,226,1125
Watertown,2019-11-05,COUNCILOR-AT-LARGE,Anthony Joseph Donato,2,175,4,283,7,226,1125
Watertown,2019-11-05,COUNCILOR-AT-LARGE,John G. Gannon,2,142,4,283,7,226,1125
Watertown,2019-11-05,COUNCILOR-AT-LARGE,James L. Mello,2,69,4,283,7,226,1125
Watertown,2019-11-05,COUNCILOR-AT-LARGE,Michelle Joyce Cokonougher,2,69,4,283,7,226,1125
Watertown,2019-11-05,COUNCILOR-AT-LARGE,Caroline J. Bays,2,165,4,283,7,226,1125
Watertown,2019-11-05,COUNCILOR-AT-LARGE,Clyde L. Younger,3,84,4,328,0,255,1312
Watertown,2019-11-05,COUNCILOR-AT-LARGE,Anthony Palomba,3,230,4,328,0,255,1312
Watertown,2019-11-05,COUNCILOR-AT-LARGE,Anthony Joseph Donato,3,186,4,328,0,255,1312
Watertown,2019-11-05,COUNCILOR-AT-LARGE,John G. Gannon,3,176,4,328,0,255,1312
Watertown,2019-11-05,COUNCILOR-AT-LARGE,James L. Mello,3,52,4,328,0,255,1312
Watertown,2019-11-05,COUNCILOR-AT-LARGE,Michelle Joyce Cokonougher,3,98,4,328,0,255,1312
Watertown,2019-11-05,COUNCILOR-AT-LARGE,Caroline J. Bays,3,231,4,328,0,255,1312
Watertown,2019-11-05,COUNCILOR-AT-LARGE,Clyde L. Younger,4,74,4,476,1,398,1903
Watertown,2019-11-05,COUNCILOR-AT-LARGE,Anthony Palomba,4,338,4,476,1,398,1903
Watertown,2019-11-05,COUNCILOR-AT-LARGE,Anthony Joseph Donato,4,317,4,476,1,398,1903
Watertown,2019-11-05,COUNCILOR-AT-LARGE,John G. Gannon,4,299,4,476,1,398,1903
Watertown,2019-11-05,COUNCILOR-AT-LARGE,James L. Mello,4,77,4,476,1,398,1903
Watertown,2019-11-05,COUNCILOR-AT-LARGE,Michelle Joyce Cokonougher,4,86,4,476,1,398,1903
Watertown,2019-11-05,COUNCILOR-AT-LARGE,Caroline J. Bays,4,314,4,476,1,398,1903
Watertown,2019-11-05,COUNCILOR-AT-LARGE,Clyde L. Younger,5,94,4,393,3,303,1569
Watertown,2019-11-05,COUNCILOR-AT-LARGE,Anthony Palomba,5,268,4,393,3,303,1569
Watertown,2019-11-05,COUNCILOR-AT-LARGE,Anthony Joseph Donato,5,235,4,393,3,303,1569
Watertown,2019-11-05,COUNCILOR-AT-LARGE,John G. Gannon,5,220,4,393,3,303,1569
Watertown,2019-11-05,COUNCILOR-AT-LARGE,James L. Mello,5,88,4,393,3,303,1569
Watertown,2019-11-05,COUNCILOR-AT-LARGE,Michelle Joyce Cokonougher,5,101,4,393,3,303,1569
Watertown,2019-11-05,COUNCILOR-AT-LARGE,Caroline J. Bays,5,260,4,393,3,303,1569
Watertown,2019-11-05,COUNCILOR-AT-LARGE,Clyde L. Younger,6,71,4,252,3,254,1005
Watertown,2019-11-05,COUNCILOR-AT-LARGE,Anthony Palomba,6,145,4,252,3,254,1005
Watertown,2019-11-05,COUNCILOR-AT-LARGE,Anthony Joseph Donato,6,132,4,252,3,254,1005
Watertown,2019-11-05,COUNCILOR-AT-LARGE,John G. Gannon,6,126,4,252,3,254,1005
Watertown,2019-11-05,COUNCILOR-AT-LARGE,James L. Mello,6,61,4,252,3,254,1005
Watertown,2019-11-05,COUNCILOR-AT-LARGE,Michelle Joyce Cokonougher,6,57,4,252,3,254,1005
Watertown,2019-11-05,COUNCILOR-AT-LARGE,Caroline J. Bays,6,159,4,252,3,254,1005
Watertown,2019-11-05,COUNCILOR-AT-LARGE,Clyde L. Younger,7,121,4,461,6,436,1838
Watertown,2019-11-05,COUNCILOR-AT-LARGE,Anthony Palomba,7,286,4,461,6,436,1838
Watertown,2019-11-05,COUNCILOR-AT-LARGE,Anthony Joseph Donato,7,282,4,461,6,436,1838
Watertown,2019-11-05,COUNCILOR-AT-LARGE,John G. Gannon,7,230,4,461,6,436,1838
Watertown,2019-11-05,COUNCILOR-AT-LARGE,James L. Mello,7,127,4,461,6,436,1838
Watertown,2019-11-05,COUNCILOR-AT-LARGE,Michelle Joyce Cokonougher,7,73,4,461,6,436,1838
Watertown,2019-11-05,COUNCILOR-AT-LARGE,Caroline J. Bays,7,283,4,461,6,436,1838
Watertown,2019-11-05,COUNCILOR-AT-LARGE,Clyde L. Younger,8,125,4,480,6,346,1914
Watertown,2019-11-05,COUNCILOR-AT-LARGE,Anthony Palomba,8,309,4,480,6,346,1914
Watertown,2019-11-05,COUNCILOR-AT-LARGE,Anthony Joseph Donato,8,339,4,480,6,346,1914
Watertown,2019-11-05,COUNCILOR-AT-LARGE,John G. Gannon,8,271,4,480,6,346,1914
Watertown,2019-11-05,COUNCILOR-AT-LARGE,James L. Mello,8,145,4,480,6,346,1914
Watertown,2019-11-05,COUNCILOR-AT-LARGE,Michelle Joyce Cokonougher,8,102,4,480,6,346,1914
Watertown,2019-11-05,COUNCILOR-AT-LARGE,Caroline J. Bays,8,277,4,480,6,346,1914
Watertown,2019-11-05,COUNCILOR-AT-LARGE,Clyde L. Younger,9,64,4,238,2,218,950
Watertown,2019-11-05,COUNCILOR-AT-LARGE,Anthony Palomba,9,147,4,238,2,218,950
Watertown,2019-11-05,COUNCILOR-AT-LARGE,Anthony Joseph Donato,9,153,4,238,2,218,950
Watertown,2019-11-05,COUNCILOR-AT-LARGE,John G. Gannon,9,112,4,238,2,218,950
Watertown,2019-11-05,COUNCILOR-AT-LARGE,James L. Mello,9,64,4,238,2,218,950
Watertown,2019-11-05,COUNCILOR-AT-LARGE,Michelle Joyce Cokonougher,9,60,4,238,2,218,950
Watertown,2019-11-05,COUNCILOR-AT-LARGE,Caroline J. Bays,9,132,4,238,2,218,950
Watertown,2019-11-05,DISTRICT A COUNCILOR,Angeline B. Kounelis,1,160,1,211,0,51,211
Watertown,2019-11-05,DISTRICT A COUNCILOR,Angeline B. Kounelis,2,220,1,283,2,61,281
Watertown,2019-11-05,DISTRICT A COUNCILOR,Angeline B. Kounelis,3,259,1,328,5,64,323
Watertown,2019-11-05,DISTRICT B COUNCILOR,Lisa J. Feltner,4,363,1,476,2,111,474
Watertown,2019-11-05,DISTRICT B COUNCILOR,Lisa J. Feltner,5,320,1,393,7,66,386
Watertown,2019-11-05,DISTRICT B COUNCILOR,Lisa J. Feltner,6,188,1,252,3,61,249
Watertown,2019-11-05,DISTRICT C COUNCILOR,Vincent J. Piccirilli Jr.,7,366,1,461,4,91,457
Watertown,2019-11-05,DISTRICT C COUNCILOR,Vincent J. Piccirilli Jr.,8,391,1,480,5,84,475
Watertown,2019-11-05,DISTRICT C COUNCILOR,Vincent J. Piccirilli Jr.,9,187,1,238,5,46,233
Watertown,2019-11-05,DISTRICT D COUNCILOR,Kenneth Michael Woodland,10,335,1,447,5,107,442
Watertown,2019-11-05,DISTRICT D COUNCILOR,Kenneth Michael Woodland,11,187,1,266,7,72,259
Watertown,2019-11-05,DISTRICT D COUNCILOR,Kenneth Michael Woodland,12,204,1,277,1,72,276
Watertown,2019-11-05,LIBRARY TRUSTEES,Mara Dolan,1,134,3,211,1,244,632
Watertown,2019-11-05,LIBRARY TRUSTEES,Sheppard Ferguson,1,140,3,211,1,244,632
Watertown,2019-11-05,LIBRARY TRUSTEES,Theodore C. Kokoros,1,114,3,211,1,244,632
Watertown,2019-11-05,LIBRARY TRUSTEES,Mara Dolan,10,252,3,447,3,584,1338
Watertown,2019-11-05,LIBRARY TRUSTEES,Sheppard Ferguson,10,264,3,447,3,584,1338
Watertown,2019-11-05,LIBRARY TRUSTEES,Theodore C. Kokoros,10,238,3,447,3,584,1338
Watertown,2019-11-05,LIBRARY TRUSTEES,Mara Dolan,11,175,3,266,2,322,796
Watertown,2019-11-05,LIBRARY TRUSTEES,Sheppard Ferguson,11,150,3,266,2,322,796
Watertown,2019-11-05,LIBRARY TRUSTEES,Theodore C. Kokoros,11,149,3,266,2,322,796
Watertown,2019-11-05,LIBRARY TRUSTEES,Mara Dolan,12,155,3,277,3,370,828
Watertown,2019-11-05,LIBRARY TRUSTEES,Sheppard Ferguson,12,149,3,277,3,370,828
Watertown,2019-11-05,LIBRARY TRUSTEES,Theodore C. Kokoros,12,154,3,277,3,370,828
Watertown,2019-11-05,LIBRARY TRUSTEES,Mara Dolan,2,173,3,283,5,332,844
Watertown,2019-11-05,LIBRARY TRUSTEES,Sheppard Ferguson,2,175,3,283,5,332,844
Watertown,2019-11-05,LIBRARY TRUSTEES,Theodore C. Kokoros,2,164,3,283,5,332,844
Watertown,2019-11-05,LIBRARY TRUSTEES,Mara Dolan,3,213,3,328,1,321,983
Watertown,2019-11-05,LIBRARY TRUSTEES,Sheppard Ferguson,3,242,3,328,1,321,983
Watertown,2019-11-05,LIBRARY TRUSTEES,Theodore C. Kokoros,3,207,3,328,1,321,983
Watertown,2019-11-05,LIBRARY TRUSTEES,Mara Dolan,4,304,3,476,2,542,1426
Watertown,2019-11-05,LIBRARY TRUSTEES,Sheppard Ferguson,4,307,3,476,2,542,1426
Watertown,2019-11-05,LIBRARY TRUSTEES,Theodore C. Kokoros,4,273,3,476,2,542,1426
Watertown,2019-11-05,LIBRARY TRUSTEES,Mara Dolan,5,241,3,393,0,458,1179
Watertown,2019-11-05,LIBRARY TRUSTEES,Sheppard Ferguson,5,251,3,393,0,458,1179
Watertown,2019-11-05,LIBRARY TRUSTEES,Theodore C. Kokoros,5,229,3,393,0,458,1179
Watertown,2019-11-05,LIBRARY TRUSTEES,Mara Dolan,6,159,3,252,2,300,754
Watertown,2019-11-05,LIBRARY TRUSTEES,Sheppard Ferguson,6,155,3,252,2,300,754
Watertown,2019-11-05,LIBRARY TRUSTEES,Theodore C. Kokoros,6,140,3,252,2,300,754
Watertown,2019-11-05,LIBRARY TRUSTEES,Mara Dolan,7,276,3,461,11,584,1372
Watertown,2019-11-05,LIBRARY TRUSTEES,Sheppard Ferguson,7,270,3,461,11,584,1372
Watertown,2019-11-05,LIBRARY TRUSTEES,Theodore C. Kokoros,7,242,3,461,11,584,1372
Watertown,2019-11-05,LIBRARY TRUSTEES,Mara Dolan,8,311,3,480,5,519,1435
Watertown,2019-11-05,LIBRARY TRUSTEES,Sheppard Ferguson,8,302,3,480,5,519,1435
Watertown,2019-11-05,LIBRARY TRUSTEES,Theodore C. Kokoros,8,303,3,480,5,519,1435
Watertown,2019-11-05,LIBRARY TRUSTEES,Mara Dolan,9,154,3,238,1,267,713
Watertown,2019-11-05,LIBRARY TRUSTEES,Sheppard Ferguson,9,155,3,238,1,267,713
Watertown,2019-11-05,LIBRARY TRUSTEES,Theodore C. Kokoros,9,137,3,238,1,267,713
Watertown,2019-11-05,SCHOOL COMMITTEE,Lindsay J. Mosca,1,137,3,211,0,241,633
Watertown,2019-11-05,SCHOOL COMMITTEE,Kendra M. Foley,1,133,3,211,0,241,633
Watertown,2019-11-05,SCHOOL COMMITTEE,David M. Stokes,1,122,3,211,0,241,633
Watertown,2019-11-05,SCHOOL COMMITTEE,Lindsay J. Mosca,10,275,3,447,1,548,1340
Watertown,2019-11-05,SCHOOL COMMITTEE,Kendra M. Foley,10,279,3,447,1,548,1340
Watertown,2019-11-05,SCHOOL COMMITTEE,David M. Stokes,10,238,3,447,1,548,1340
Watertown,2019-11-05,SCHOOL COMMITTEE,Lindsay J. Mosca,11,171,3,266,5,320,793
Watertown,2019-11-05,SCHOOL COMMITTEE,Kendra M. Foley,11,157,3,266,5,320,793
Watertown,2019-11-05,SCHOOL COMMITTEE,David M. Stokes,11,145,3,266,5,320,793
Watertown,2019-11-05,SCHOOL COMMITTEE,Lindsay J. Mosca,12,172,3,277,2,340,829
Watertown,2019-11-05,SCHOOL COMMITTEE,Kendra M. Foley,12,162,3,277,2,340,829
Watertown,2019-11-05,SCHOOL COMMITTEE,David M. Stokes,12,155,3,277,2,340,829
Watertown,2019-11-05,SCHOOL COMMITTEE,Lindsay J. Mosca,2,182,3,283,4,316,845
Watertown,2019-11-05,SCHOOL COMMITTEE,Kendra M. Foley,2,189,3,283,4,316,845
Watertown,2019-11-05,SCHOOL COMMITTEE,David M. Stokes,2,158,3,283,4,316,845
Watertown,2019-11-05,SCHOOL COMMITTEE,Lindsay J. Mosca,3,219,3,328,1,321,983
Watertown,2019-11-05,SCHOOL COMMITTEE,Kendra M. Foley,3,231,3,328,1,321,983
Watertown,2019-11-05,SCHOOL COMMITTEE,David M. Stokes,3,212,3,328,1,321,983
Watertown,2019-11-05,SCHOOL COMMITTEE,Lindsay J. Mosca,4,285,3,476,2,532,1426
Watertown,2019-11-05,SCHOOL COMMITTEE,Kendra M. Foley,4,344,3,476,2,532,1426
Watertown,2019-11-05,SCHOOL COMMITTEE,David M. Stokes,4,265,3,476,2,532,1426
Watertown,2019-11-05,SCHOOL COMMITTEE,Lindsay J. Mosca,5,229,3,393,3,459,1176
Watertown,2019-11-05,SCHOOL COMMITTEE,Kendra M. Foley,5,265,3,393,3,459,1176
Watertown,2019-11-05,SCHOOL COMMITTEE,David M. Stokes,5,223,3,393,3,459,1176
Watertown,2019-11-05,SCHOOL COMMITTEE,Lindsay J. Mosca,6,157,3,252,2,291,754
Watertown,2019-11-05,SCHOOL COMMITTEE,Kendra M. Foley,6,166,3,252,2,291,754
Watertown,2019-11-05,SCHOOL COMMITTEE,David M. Stokes,6,140,3,252,2,291,754
Watertown,2019-11-05,SCHOOL COMMITTEE,Lindsay J. Mosca,7,289,3,461,13,538,1370
Watertown,2019-11-05,SCHOOL COMMITTEE,Kendra M. Foley,7,288,3,461,13,538,1370
Watertown,2019-11-05,SCHOOL COMMITTEE,David M. Stokes,7,255,3,461,13,538,1370
Watertown,2019-11-05,SCHOOL COMMITTEE,Lindsay J. Mosca,8,326,3,480,4,480,1436
Watertown,2019-11-05,SCHOOL COMMITTEE,Kendra M. Foley,8,326,3,480,4,480,1436
Watertown,2019-11-05,SCHOOL COMMITTEE,David M. Stokes,8,304,3,480,4,480,1436
Watertown,2019-11-05,SCHOOL COMMITTEE,Lindsay J. Mosca,9,161,3,238,4,258,710
Watertown,2019-11-05,SCHOOL COMMITTEE,Kendra M. Foley,9,153,3,238,4,258,710
Watertown,2019-11-05,SCHOOL COMMITTEE,David M. Stokes,9,138,3,238,4,258,710
